,Rule,MF,MICE,Mean
0,0.25,0.20974452233428653,0.2103292627021963,0.19435906060006142
1,0.75,0.11539852231572145,0.15489999752824024,0.18456449663373908
2,0.5,0.14648968295593967,0.18219947286599497,0.18802155407559323
