Missing_Rule,Mean,Mice,Missforest,KNN
0.1,0.6551530069295494,0.2558404043222651,0.3737191748443086,0.7531856221656922
0.2,1.35563914787696,1.56201528213087,1.7986446105894172,1.8231854683081847
0.3,1.0972929575921622,1.4395555386321333,1.470630288156971,1.4450129572621233
0.4,1.0084003231552916,1.0259005509920793,1.3083331265243212,1.322632646331598
0.5,0.954010981234602,1.091667062679408,1.1596426886142361,1.2090280150564532
0.6,0.8525194006155049,0.968711513056225,1.0650378175550181,0.9957672267637976
0.7,0.8444621318704052,1.0435567202639735,1.1649958707970767,0.7831051859151715
0.8,5.288376374108849,5.4871386415674275,5.224794021004562,5.302538211130131
0.9,0.8525194006155049,0.968711513056225,1.0650378175550181,0.9957672267637976
