Missing_Rule,Mean,Mice,Missforest,KNN
0.1,2.863881903049723,4.2604004531881134,3.4006783317482085,3.7903733315678774
0.2,3.5597963788955074,4.76248616133668,3.2548705895319916,3.841149390308816
0.3,3.533568144628249,4.3323303719018815,2.868775999708298,3.721366374110544
0.4,3.0657044477193787,4.337916857893067,2.0393128232526587,3.188328039493891
0.5,3.6011675794392417,3.7407547524835865,2.6026096777845753,3.6410412567891695
0.6,3.6920502907825075,3.677052410264255,2.743163332536413,3.3892015673577762
0.7,2.6431452617466458,3.006550166329162,1.2240747717590652,2.071013859235441
0.8,4.765426419999302,4.46498503018886,3.652259067457172,4.138003341643565
0.9,2.9825167152262204,3.6736030037967917,1.2535417887939686,2.023136660993337
