Missing_Rule,Mean,Mice,Missforest,KNN
0.25,0.21887941554053894,0.26339536148175946,0.16751674753186752,0.21296047564387746
0.5,0.23783159829254125,0.3052419582233972,0.20350077387165375,0.23940149253337867
0.75,0.24590313524386523,0.33772203699048897,0.2574164916505464,0.26232198050908134
