Missing_Rule,Mean,Mice,Missforest,KNN
0.1,0.6946946594575942,2.463321602771175,0.9161603080673474,0.6305810590191546
0.2,0.6720219884148584,1.2112937739252967,0.8386801015232825,0.7723103145573785
0.3,0.7127784286711676,1.1488363676630262,0.7794826545360558,0.736709225792577
0.4,0.7227278334144592,1.011785081023089,0.8222368618023449,0.884735710389449
0.5,0.5248248939856093,0.8173568202091239,0.6974133000096394,0.5676502855036409
0.6,0.5959605632814403,0.8137012163242997,0.8147631990879444,0.7672024593571839
0.7,0.7786753651658347,0.8471804584860936,1.0503926534809906,0.7980222450915865
0.8,0.6820336409087234,1.3342397166782691,1.2093951145133013,0.8945537585973985
0.9,0.794062834001726,0.819069958387727,1.071360060361804,0.8178038114133429
