Missing_Rule,Mean,Mice,Missforest,KNN
0.1,0.5110950122152348,0.43750510313887,0.4822609298403285,0.4915739995352674
0.2,0.4786322475134317,0.4196613963803123,0.4716194602638509,0.4684673739456052
0.3,0.47734731315476664,0.4336859499204691,0.450068834667493,0.48751071303705534
0.4,0.4712892073410088,0.5028380376543417,0.4944364621792872,0.5511577047262702
0.5,0.508300197241261,0.5610819968307168,0.5608970519265076,0.6079147780483707
0.6,0.6601467300383392,0.7129589597610533,0.7194591129753181,0.7471407785454047
0.7,0.7795312447962717,0.7931458007049711,0.8335579029402997,0.8165991833415793
0.8,1.0639666233160991,1.0968061138906757,1.1156772705018636,1.0883591807464128
0.9,0.6601467300383392,0.7129589597610533,0.7194591129753181,0.7471407785454047
