Missing_Rule,Mean,Mice,Missforest,KNN
0.1,0.18647723877853561,0.24949822612139952,0.19767265871459686,0.19433247306328952
0.2,0.18663868442643425,0.24021548947554336,0.18778293363027312,0.20244840426638985
0.3,0.1547228878282098,0.19838649297403518,0.15069202232578222,0.18104251158484774
0.4,0.13162665552744746,0.1586041038676224,0.12975037766663688,0.15336338707849934
0.5,0.15013242239025534,0.16069865231185787,0.12461841026713436,0.17231517122245785
0.6,0.13340474639053887,0.1508589629995199,0.11254725895274376,0.1515555528356394
0.7,0.12353530596521883,0.13593359195449117,0.09264911620083183,0.12598145183550039
0.8,0.13237112038084364,0.13399451525555234,0.09658475436782582,0.12607936322457283
0.9,0.123066029066988,0.11852969484307592,0.07627071006005262,0.09650320287045838
