Missing_Rule,Mean,Mice,Missforest,KNN
0.1,0.1903546239331059,0.1655396687196009,0.15638543091978913,0.11115409765378359
0.2,0.20543470546947418,0.18126732185544178,0.15214578128834205,0.13977397787544452
0.3,0.21170157840241458,0.19297237110042204,0.16677843606751497,0.18141081622397007
0.4,0.23418412481693446,0.21086691611083375,0.19508085460484356,0.22145218434493763
0.5,0.267107902978761,0.2552295649888126,0.23615202710475178,0.2819229399737201
0.6,0.3178616398596138,0.2985984727490561,0.2829199124029518,0.3489502596799494
0.7,0.3706394762407305,0.38022137981171594,0.39095548297078253,0.3875420765941166
0.8,0.4477918150383828,0.46977933097336133,0.4465686555114606,0.4511025817517736
0.9,0.3178616398596138,0.2985984727490561,0.2829199124029518,0.3489502596799494
