Missing_Rule,Mean,Mice,Missforest,KNN
0.1,0.2444545290366491,0.3363123803087295,0.30025508483727215,0.24877646189250963
0.2,0.21456090495858138,0.2919973456093517,0.20849440319589443,0.2131819451751936
0.3,0.22062095299315956,0.2916521727879126,0.22215108272615794,0.22145344870249817
0.4,0.2086773629430675,0.2708958965174548,0.1945022932401675,0.19130620259008912
0.5,0.2178398560489371,0.2515133352633935,0.20839621475554637,0.21371730164105446
0.6,0.20141546859356485,0.23814900867754443,0.11739718878674675,0.20078415243302422
0.7,0.21989057291922556,0.2256020193971811,0.15976573013276021,0.20356939206462019
0.8,0.20516510900309495,0.20898017411898,0.12590712597085188,0.21858271514232538
0.9,0.23076159102742114,0.24020868576560664,0.12387596415822609,0.21333930123376704
