Missing_Rule,Mean,Mice,Missforest,KNN
0.1,2.1600623438425703,2.2788711298546724,1.45678392232691,1.5798537668370298
0.2,2.1600623438425703,2.2788711298546724,1.45678392232691,1.5798537668370298
0.3,2.418783074031288,2.6590731115531545,1.4355017593628718,1.394159629617512
0.4,3.593310250223945,3.5577008181876106,2.6829556317476815,2.3260718355614776
0.5,2.8654534181562297,2.860142908071718,2.0011901468236735,2.0879620903888854
0.6,6.645695565586629,6.535481649450838,5.122870638534349,5.520704547462109
0.7,5.629635024952673,6.0609897839279165,4.757341084816016,4.754910466154837
0.8,6.134197331326737,6.447779617253212,5.6977214972730446,5.260114753190037
0.9,6.645695565586629,6.535481649450838,5.122870638534349,5.520704547462109
