Missing_Rule,Mean,Mice,Missforest,KNN
0.1,0.3104057363908059,0.43473127255254335,0.40599749114225453,0.36336302690967504
0.2,0.30012680097569616,0.42032367977596197,0.3715644605993815,0.3547273343551198
0.3,0.29225891486552075,0.42085562517909436,0.3596630590180236,0.345865878752685
0.4,0.2877981860170477,0.4238472531367521,0.3338338984489265,0.36422444187714964
0.5,0.2895930020930746,0.41599361867640305,0.3261354508803054,0.3583412343921499
0.6,0.2895271039323307,0.4228652903539858,0.3186506076739784,0.35421227431406577
0.7,0.28995233693344113,0.41159176591246954,0.3077465348753723,0.3631478716312791
0.8,0.2899629724963026,0.4109259081834107,0.3121534362079997,0.3536983060488349
0.9,0.2867739449222393,0.44045085812390605,0.3081732643214153,0.3597361697010951
