Missing_Rule,Mean,Mice,Missforest,KNN
0.1,0.1907404832774326,0.2740302343707672,0.24246044621176388,0.2135243889642199
0.2,0.15707162565302032,0.2218315124404873,0.18417802134614333,0.17772986713275876
0.3,0.1787184155999728,0.2283786547637837,0.1914225694462199,0.20417770039320676
0.4,0.1586167020418809,0.20324883474988997,0.15804994203240175,0.1726714340928499
0.5,0.15336968621343702,0.19004680415070863,0.13747397603608538,0.1759578940641764
0.6,0.15277430389440608,0.17081080401293783,0.12684473959775,0.16969078272757854
0.7,0.14572780080941378,0.16930871589497373,0.11101738671758458,0.1475551500545531
0.8,0.15308073949830975,0.14731446935522083,0.10249565001800785,0.1318760292856384
0.9,0.14723102725278192,0.14931656679376895,0.0983111021245273,0.11946350240610897
