Missing_Rule,Mean,Mice,Missforest,KNN
0.1,0.13472084541748183,0.19049024026259528,0.14078336607454783,0.1428016374611711
0.2,0.1142461461695293,0.17089599166647143,0.1464277821826392,0.13313678287465186
0.3,0.1100671992622636,0.15835531652374404,0.12640135852343296,0.1319999160100545
0.4,0.1128233593649222,0.16296549016552475,0.12980573386525557,0.14394740963986605
0.5,0.11782799749092553,0.16444668900981033,0.1266611361452432,0.14507828268648745
0.6,0.11307187550403205,0.1606014031450946,0.12254714132245295,0.14588091455943764
0.7,0.10749047569997039,0.14565707052790797,0.11461325252284958,0.1336866440593148
0.8,0.09613733665104106,0.15111807912812894,0.09646138978768591,0.11704529479419823
0.9,0.11171719457960909,0.14481634278895889,0.10097432032649482,0.1329098197906308
