Missing_Rule,Mean,Mice,Missforest,KNN
0.25,0.14608498453511864,0.15767128676441752,0.11108663847075637,0.1357525550532759
0.5,0.1391938206133525,0.1678667753579156,0.12529985522333503,0.15609687010174236
0.75,0.16446938307651116,0.2247762323160225,0.18080560854757588,0.18795590127869638
