Missing_Rule,Mean,Mice,Missforest,KNN
0.1,0.2871660820593057,0.3899665469188239,0.32438291156084115,0.30123203868464465
0.2,0.2401883347839014,0.3484503064128438,0.2746712848948267,0.26389845964475217
0.3,0.24287937467645518,0.32976422153631607,0.26482854645073417,0.2594181672373357
0.4,0.2349897025339786,0.3196403906637365,0.22009139289722449,0.25276702438189746
0.5,0.22976788720673122,0.2962051635249636,0.20428603945052215,0.22985287251403372
0.6,0.2314505782752811,0.27667950057043555,0.16460634784620556,0.24782495535231464
0.7,0.22799382409776733,0.2553408795567454,0.14648847564045395,0.23588355823525986
0.8,0.23000732044795666,0.252580322595051,0.17009422609112523,0.22053502425976826
0.9,0.215804453681887,0.20346436227110137,0.09253149336989014,0.13014809217684623
