Missing_Rule,Mean,Mice,Missforest,KNN
0.1,,,,
0.2,,,,
0.3,0.21727548010014464,0.22903945835411085,0.2056792754000959,0.21406010128474073
0.4,0.22457373644665643,0.24610429152832036,0.2143688882358176,0.2308772397393064
0.5,0.22806318179801635,0.2518451943129593,0.22730279088014363,0.3224655259912767
0.6,0.22515639870175053,0.2454379827630985,0.2318716099324832,0.31029234093121416
0.7,0.23943085189967234,0.26032604432606765,0.24618782531888272,0.3174424223475751
0.8,0.2756764889725789,0.2983472787636458,0.29132969023716176,0.30997754470716676
0.9,0.22515639870175053,0.2454379827630985,0.2318716099324832,0.31029234093121416
