Missing_Rule,Mean,Mice,Missforest,KNN
0.1,0.34303711508855206,0.20049455704974958,0.1738052578608772,0.21985777055810213
0.2,0.3492064994733455,0.22662989004463982,0.1921764943895074,0.24154471474311576
0.3,0.36711499886416193,0.2746730135650936,0.21503988603445368,0.25469271359198986
0.4,0.3985416390885315,0.3340643873194001,0.2489273919525107,0.28577514505906826
0.5,0.4434499337605382,0.3794613707898932,0.2986430812194046,0.37955667575881935
0.6,0.5203879351323794,0.48473566751806646,0.37184308987455966,0.4906220427594435
0.7,0.6565580940561231,0.6278386085255724,0.5235170597751072,0.6390750127021672
0.8,0.923124817102791,0.92722021542296,0.8333046753579822,0.9483084015392669
0.9,0.5203879351323794,0.48473566751806646,0.37184308987455966,0.4906220427594435
