Missing_Rule,Mean,Mice,Missforest,KNN
0.1,0.048353412557826214,0.044586002227734844,0.021512087196572317,0.02169660813419144
0.2,0.07898125177486066,0.04978628405103588,0.03296932655580325,0.06537526423914158
0.3,0.07340331132293451,0.04254161347931381,0.03167242323972799,0.06785739501696605
0.4,0.0789046235561854,0.041557453951446874,0.03736818022442648,0.08426736687257134
0.5,0.089402464342277,0.05520759331053621,0.048013124605188987,0.11517347054495942
0.6,0.24006139882630442,0.1636818908609115,0.1286567352473331,0.33434353367799785
0.7,0.2797214060620993,0.29572278050705114,0.18464669320310323,0.3298867820280683
0.8,0.4719847121135035,0.49845608078754194,0.43454358894109657,0.4714604814256788
0.9,0.24006139882630442,0.1636818908609115,0.1286567352473331,0.33434353367799785
