Missing_Rule,Mean,Mice,Missforest,KNN
0.25,0.1040035282287674,0.12119408633050473,0.09059618384533029,0.1102395034866388
0.5,0.10107983582525455,0.13866954070502863,0.10491934686944657,0.12035491007001467
0.75,0.1089227127601061,0.16487983910102813,0.1120006296921219,0.14246213275965397
