Missing_Rule,Mean,Mice,Missforest,KNN
0.25,0.13629891589596896,0.12323875787556791,0.08816033570114644,0.13400678442551767
0.5,0.11760142175485025,0.13994179321268074,0.10965478472523221,0.1358974748440584
0.75,0.1462242317260701,0.18599326389853896,0.14781587546351782,0.16606625442403838
