Missing_Rule,Mean,Mice,Missforest,KNN
0.1,0.479831602681946,0.34708119734445414,0.288692060053695,0.42730079802185145
0.2,0.5112311204344314,0.39766509802053507,0.3414144175535374,0.5688852809156032
0.3,0.5751375551402249,0.5063084730922148,0.47798569949903097,0.627638531354967
0.4,0.653980283455948,0.6255324329412038,0.5547132993332301,0.6885396332847341
0.5,0.7604727363181314,0.8215056445231979,0.6842766940132718,0.7898475962369986
0.6,0.8891353882584103,0.9304158568692812,0.8216549840762198,0.8737610045856264
0.7,1.237116663738514,1.2515999981842842,1.2403557830149552,1.2332852469966318
0.8,1.5925533796270162,1.611186127352191,1.5684934526182668,1.5927999890342999
0.9,0.8891353882584103,0.9304158568692812,0.8216549840762198,0.8737610045856264
