Missing_Rule,Mean,Mice,Missforest,KNN
0.1,0.5562867077110545,0.6254357026902925,0.5778340566776385,0.5697178888703001
0.2,0.6356394111076995,0.7135153561769156,0.6447146864085824,0.6539600987167838
0.3,0.7391331661068963,0.7992676347837339,0.7563316162075318,0.7637561555837883
0.4,0.8586989887608399,0.9089236098162274,0.8677027198535808,0.8739918388235504
0.5,1.0467691834606687,1.0887860740646838,1.0476287493677345,1.0610898021217694
0.6,1.3386513188746274,1.386589016094903,1.347742806331219,1.357694062467613
0.7,1.8208733456637851,1.8409581307811422,1.8188747832748204,1.8348464660365762
0.8,2.8249998947024695,2.8367382734765845,2.8235453455958215,2.8244681635458435
0.9,1.3386513188746274,1.386589016094903,1.347742806331219,1.357694062467613
