Missing_Rule,Mean,Mice,Missforest,KNN
0.1,0.3383255916526182,0.446788191697061,0.37900018131167673,0.3712421698765162
0.2,0.27015711431925643,0.346127487687443,0.25546736478015036,0.30456761077089795
0.3,0.25787877943742804,0.34848208754681503,0.2216986995598956,0.28737335549505494
0.4,0.2397036076296912,0.31114755069663064,0.17505786581361518,0.22828144192780928
0.5,0.23804077796139728,0.28258474847135795,0.16577080595801336,0.20720491374575833
0.6,0.2226265841734076,0.2389907640331032,0.13750336578617456,0.17468676151404106
0.7,0.2180993455981768,0.20769211858272463,0.12281216766535522,0.17350958290169993
0.8,0.23547142501265564,0.19248244726915348,0.12883248275667142,0.16456543681614427
0.9,0.21797047800116343,0.17335624995006707,0.11832934587781148,0.15242544089060572
