Missing_Rule,Mean,Mice,Missforest,KNN
0.1,0.15565611602419527,0.12965854819167225,0.10398141544479474,0.11616853527141092
0.2,0.16067002525912727,0.14486255722182875,0.12354382296858554,0.1394463761848743
0.3,0.1711676804267377,0.15729966676817086,0.1404430920087518,0.16045918572780724
0.4,0.1817975094009825,0.17310670637237643,0.15679124651328114,0.19056903787948357
0.5,0.20182429056280818,0.20293447679130974,0.18206717358053842,0.22922237996652184
0.6,0.2280811725225381,0.248340327039853,0.2154717441713554,0.2738673481872299
0.7,0.27071242245931254,0.2931331998599388,0.26665891030333305,0.3082843597145327
0.8,0.34986732088827965,0.3753247507614741,0.3549597921860632,0.3724251180652394
0.9,0.2280811725225381,0.248340327039853,0.2154717441713554,0.2738673481872299
