,Rule,MF,MICE,Mean
0,0.25,0.09331517944606572,0.0774456085111105,0.07857226264528594
1,0.75,0.060519382889847255,0.07087157218589991,0.08198324356955417
2,0.5,0.0842579948495252,0.08324337784542542,0.08574654844753572
