,Rule,MF,MICE,Mean
0,0.25,0.07726002274534814,0.07286437146521413,0.0755161160465638
1,0.75,0.05065709526531416,0.05513456384276782,0.07242989586128934
2,0.5,0.06431403553274619,0.07077477062820231,0.07482001253796225
