Missing_Rule,hyper_RMSE
0.1,0.7463670247790793
0.2,0.7727830277795041
0.3,0.7202439720047008
0.4,0.7873561176144616
0.5,0.6606458758134383
0.6,0.5406735880296202
0.7,0.7083482306010214
0.8,0.6803384291852469
0.9,0.6923186147564726
