Missing_Rule,hyper_RMSE
Q1_Q2_complete,0.5293757562777223
Q1_Q3_complete,0.19601015676631442
Q1_Q4_complete,4.089216889587655
Q2_Q3_complete,0.15220408763949914
Q2_Q4_complete,0.7760530733364617
Q3_Q4_complete,1.3872572175496958
Q1_complete,0.2319191240108871
Q2_complete,0.1003075589805869
Q3_complete,0.10495515102635015
Q4_complete,1.075175328733827
