Missing_Rule,hyper_RMSE
0.1,0.35226243340166813
0.2,0.2981902190871083
0.3,0.25886647493905734
0.4,0.22544276429549034
0.5,0.20258462329840873
0.6,0.18952823295187907
0.7,0.1787600625279079
0.8,0.16249380438707806
0.9,0.15753151557434683
