Missing_Rule,hyper_RMSE
0.1,6.5243667776723075
0.2,3.1763351247296066
0.3,2.9399019729933373
0.4,2.638857747084447
0.5,3.0260903839591657
0.6,3.0352495204489682
0.7,1.9729353206995468
0.8,3.979225149101037
0.9,1.9165571155007217
