Missing_Rule,hyper_RMSE
0.1,0.39810003055887905
0.2,0.34728277151624903
0.3,0.367611600200755
0.4,0.36265261981587743
0.5,0.3108331287339417
0.6,0.3082802975072956
0.7,0.2987557101723014
0.8,0.29854981811704207
0.9,0.2881231936020702
