Missing_Rule,hyper_RMSE
0.1,0.5590791100149449
0.2,0.6363863998364464
0.3,0.7267284046980411
0.4,0.8660337523601856
0.5,1.041625319378645
0.6,1.3299849367543257
0.7,1.8143890597351986
0.8,2.8204863434823775
0.9,1.3299849367543257
