Missing_Rule,hyper_RMSE
0.1,0.15870478939198845
0.2,0.1289757624920874
0.3,0.12643782606748644
0.4,0.11793940181274666
0.5,0.16124911607134398
0.6,0.1436447936073393
0.7,0.10336371129667489
0.8,0.17004209964372413
0.9,0.14883972281783434
