Missing_Rule,hyper_RMSE
0.1,0.02988372470639018
0.2,0.03387085596347677
0.3,0.03212207090944729
0.4,0.03267395486379574
0.5,0.04711017822767181
0.6,0.13196302352315173
0.7,0.2536909842960669
0.8,0.46733946069202315
0.9,0.13196302352315173
