Missing_Rule,hyper_RMSE
Q1_Q2_0.25,0.07763875364527831
Q1_Q3_0.25,0.09298151573402343
Q1_Q4_0.25,0.10859752785219459
Q2_Q3_0.25,0.06443232338362782
Q2_Q4_0.25,0.10545302587904183
Q3_Q4_0.25,0.08228416141721878
Q1_0.25,0.08583986341672963
Q2_0.25,0.06586027374528867
Q3_0.25,0.05782174647739757
Q4_0.25,0.09569052779590433
Q1_Q2_0.5,0.10379315167820519
Q1_Q3_0.5,0.09328792969146447
Q1_Q4_0.5,0.1361962503628822
Q2_Q3_0.5,0.09088818694461794
Q2_Q4_0.5,0.10369159726923591
Q3_Q4_0.5,0.0979624883903902
Q1_0.5,0.12235791733210524
Q2_0.5,0.06934552848952423
Q3_0.5,0.06619943889257236
Q4_0.5,0.16037306518610692
Q1_Q2_0.75,0.11501207919624619
Q1_Q3_0.75,0.11235663055915736
Q1_Q4_0.75,0.17419979041802744
Q2_Q3_0.75,0.11773466552177851
Q2_Q4_0.75,0.13331242838645574
Q3_Q4_0.75,0.1348084259208834
Q1_0.75,0.13570380450771
Q2_0.75,0.07637085569866034
Q3_0.75,0.07554513768397285
Q4_0.75,0.1498697507002991
Q1_Q2_1.0,0.46018181807823766
Q1_Q3_1.0,0.18920495643912252
Q1_Q4_1.0,1.1304595919706573
Q2_Q3_1.0,0.14572423948715144
Q2_Q4_1.0,0.5772290099073417
Q3_Q4_1.0,1.006848624012143
Q1_1.0,0.22458310911157803
Q2_1.0,0.09502006373539229
Q3_1.0,0.0975747419644621
Q4_1.0,0.793472101806169
