Missing_Rule,hyper_RMSE
Q1_Q2_0.25,0.15843213314542184
Q1_Q3_0.25,0.15778596442343482
Q1_Q4_0.25,0.19594710638773302
Q2_Q3_0.25,0.10917391574137096
Q2_Q4_0.25,0.17314615598216826
Q3_Q4_0.25,0.1716244475684459
Q1_0.25,0.19142311235369958
Q2_0.25,0.12177896480800081
Q3_0.25,0.09732876237397227
Q4_0.25,0.20777779641816918
Q1_Q2_0.5,0.21920586295065997
Q1_Q3_0.5,0.18972389319268385
Q1_Q4_0.5,0.24005369845015512
Q2_Q3_0.5,0.1664150432413377
Q2_Q4_0.5,0.19519944379321275
Q3_Q4_0.5,0.23194342589451905
Q1_0.5,0.19155369539483247
Q2_0.5,0.15591739310906136
Q3_0.5,0.13043106826217143
Q4_0.5,0.252419690547703
Q1_Q2_0.75,0.31741316407764564
Q1_Q3_0.75,0.2749791278459844
Q1_Q4_0.75,0.27030790621930983
Q2_Q3_0.75,0.25145749457965594
Q2_Q4_0.75,0.2425708013049485
Q3_Q4_0.75,0.2733618126535472
Q1_0.75,0.25185979236880435
Q2_0.75,0.21839727787648583
Q3_0.75,0.17386074578829647
Q4_0.75,0.3302898950234925
Q1_Q2_1.0,0.6262838465638411
Q1_Q3_1.0,0.7132384721413728
Q1_Q4_1.0,2.4967211089543317
Q2_Q3_1.0,0.7353907634917264
Q2_Q4_1.0,12.601914653668938
Q3_Q4_1.0,3.759927291408738
Q1_1.0,0.5191830854792109
Q2_1.0,0.36678424975132806
Q3_1.0,0.7507835184689435
Q4_1.0,2.0729519453060545
