Missing_Rule,hyper_RMSE
Q1_Q2_0.25,0.059479615948033714
Q1_Q3_0.25,0.05823029691690043
Q1_Q4_0.25,0.07552976968497711
Q2_Q3_0.25,0.037404056919134454
Q2_Q4_0.25,0.06257258048642236
Q3_Q4_0.25,0.07374600514139844
Q1_0.25,0.06787084944059371
Q2_0.25,0.034640756727176
Q3_0.25,0.042354566454295924
Q4_0.25,0.08436829588963139
Q1_Q2_0.5,0.07270641410302665
Q1_Q3_0.5,0.07240241216239421
Q1_Q4_0.5,0.09544485744365848
Q2_Q3_0.5,0.0420680162010347
Q2_Q4_0.5,0.07074549141628785
Q3_Q4_0.5,0.08902146918300839
Q1_0.5,0.09343066087370344
Q2_0.5,0.03675619032612501
Q3_0.5,0.04235060663614956
Q4_0.5,0.10720411764614766
Q1_Q2_0.75,0.10233700932101723
Q1_Q3_0.75,0.08528453500778782
Q1_Q4_0.75,0.11508433295547289
Q2_Q3_0.75,0.0528184966340798
Q2_Q4_0.75,0.08746375171201605
Q3_Q4_0.75,0.12092434419343341
Q1_0.75,0.1108076086278144
Q2_0.75,0.03756973592749338
Q3_0.75,0.045941316142893915
Q4_0.75,0.12807063941205513
Q1_Q2_1.0,0.194111598029541
Q1_Q3_1.0,0.11583720635173587
Q1_Q4_1.0,0.17391459830592904
Q2_Q3_1.0,0.06105649702530877
Q2_Q4_1.0,0.12904581833651466
Q3_Q4_1.0,0.22583863357478998
Q1_1.0,0.15509225389331047
Q2_1.0,0.044923688086050025
Q3_1.0,0.05543757188369176
Q4_1.0,0.19302715107086874
