Missing_Rule,hyper_RMSE
0.1,0.3071043844330792
0.2,0.23232368844319226
0.3,0.2256148305794043
0.4,0.19349022874290273
0.5,0.19267899335699584
0.6,0.16057385863696724
0.7,0.1583327067250931
0.8,0.15247120611787138
0.9,0.15496885188124393
