Missing_Rule,hyper_RMSE
0.25,0.11334178506195815
0.5,0.12568099566642488
0.75,0.14703084199363156
