Missing_Rule,hyper_RMSE
Q1_Q2_complete,0.6340769498096906
Q1_Q3_complete,0.7245473921255577
Q1_Q4_complete,2.658186268605574
Q2_Q3_complete,0.7394502599695372
Q2_Q4_complete,18.919280970888984
Q3_Q4_complete,111654788.07952474
Q1_complete,0.5204035751849948
Q2_complete,0.371667490277729
Q3_complete,0.7591095297886672
Q4_complete,2.1466514167486483
