Missing_Rule,hyper_RMSE
Q1_Q2_complete,1.041625319378645
Q1_Q3_complete,0.4991694236388339
Q1_Q4_complete,0.7818786194750939
Q2_Q3_complete,0.21589748271108397
Q2_Q4_complete,0.543128216150256
Q3_Q4_complete,1.0439320535082905
Q1_complete,0.6843305245399544
Q2_complete,0.1908775344687843
Q3_complete,0.20190015073935877
Q4_complete,0.6801917581006865
