Missing_Rule,hyper_RMSE
Q1_Q2_0.25,0.15819093679917015
Q1_Q3_0.25,0.1508031373170776
Q1_Q4_0.25,0.1926180010965477
Q2_Q3_0.25,0.07592994976427357
Q2_Q4_0.25,0.16075481186485407
Q3_Q4_0.25,0.169022232386921
Q1_0.25,0.20335652644044716
Q2_0.25,0.0724823930110799
Q3_0.25,0.09238674375312456
Q4_0.25,0.20849912570161078
Q1_Q2_0.5,0.18651500743223293
Q1_Q3_0.5,0.1614630505657482
Q1_Q4_0.5,0.1955715441927178
Q2_Q3_0.5,0.08381831186729927
Q2_Q4_0.5,0.1661830909249761
Q3_Q4_0.5,0.19473767363138106
Q1_0.5,0.22519355848144657
Q2_0.5,0.08668430478468336
Q3_0.5,0.09071547287427936
Q4_0.5,0.22094843762153976
Q1_Q2_0.75,0.21635809760244928
Q1_Q3_0.75,0.1734688120409736
Q1_Q4_0.75,0.19852337211611562
Q2_Q3_0.75,0.09143780324727026
Q2_Q4_0.75,0.1744993789142598
Q3_Q4_0.75,0.22173905778071346
Q1_0.75,0.23699837308547173
Q2_0.75,0.08987665108191323
Q3_0.75,0.0961427382180809
Q4_0.75,0.2385577259275084
Q1_Q2_1.0,0.3451381391699176
Q1_Q3_1.0,0.2123045849978582
Q1_Q4_1.0,0.25924379211033577
Q2_Q3_1.0,0.1069352068037979
Q2_Q4_1.0,0.21102812374734858
Q3_Q4_1.0,0.3465287856697612
Q1_1.0,0.29128889569963046
Q2_1.0,0.09467254375571753
Q3_1.0,0.10161851453152586
Q4_1.0,0.29066489943742396
