Missing_Rule,hyper_RMSE
0.1,0.23271472745173563
0.2,0.17693542239266657
0.3,0.1789863482469402
0.4,0.14718745748931064
0.5,0.1346936646887012
0.6,0.12591276947934632
0.7,0.1167706800886777
0.8,0.1099377267195434
0.9,0.11342095467190368
