Missing_Rule,hyper_RMSE
0.1,1.737334387653778
0.2,1.7373343876537781
0.3,1.6339887702170737
0.4,2.772724862006065
0.5,3.0216369103535277
0.6,6.439660545399504
0.7,5.840810137201501
0.8,6.297148547425111
0.9,6.439660545399503
