Missing_Rule,hyper_RMSE
Q1_Q2_complete,0.7121002320765752
Q1_Q3_complete,0.3163234942916401
Q1_Q4_complete,0.9988803813254475
Q2_Q3_complete,0.16200073706418183
Q2_Q4_complete,0.5845108947807148
Q3_Q4_complete,1.2881328567446066
Q1_complete,0.4086095436394482
Q2_complete,0.10869474405118788
Q3_complete,0.12786371690710166
Q4_complete,0.8342657935029342
