Missing_Rule,hyper_RMSE
Q1_Q2_0.25,0.11160193868800222
Q1_Q3_0.25,0.0976518884928899
Q1_Q4_0.25,0.1504688495623186
Q2_Q3_0.25,0.07905358696800513
Q2_Q4_0.25,0.0940534183060697
Q3_Q4_0.25,0.11967110684337427
Q1_0.25,0.1254277183041914
Q2_0.25,0.07565967359703982
Q3_0.25,0.048241904530823845
Q4_0.25,0.10773095569336777
Q1_Q2_0.5,0.11844272587537838
Q1_Q3_0.5,0.11715429193657319
Q1_Q4_0.5,0.1666760208067363
Q2_Q3_0.5,0.1047692604479338
Q2_Q4_0.5,0.14282264853887877
Q3_Q4_0.5,0.1583272223602556
Q1_0.5,0.1374076131702495
Q2_0.5,0.0903796176736237
Q3_0.5,0.07698248966721344
Q4_0.5,0.15154448065427462
Q1_Q2_0.75,0.18098707490568341
Q1_Q3_0.75,0.17186349571512205
Q1_Q4_0.75,0.18167035269361922
Q2_Q3_0.75,0.17288096060369704
Q2_Q4_0.75,0.23660482188760815
Q3_Q4_0.75,0.19540012346492552
Q1_0.75,0.18326545838095235
Q2_0.75,0.13303304949456105
Q3_0.75,0.1014850364915192
Q4_0.75,0.19208910678649574
Q1_Q2_1.0,0.4884738396876123
Q1_Q3_1.0,0.378843896098111
Q1_Q4_1.0,0.37364994252527745
Q2_Q3_1.0,0.2043345075621938
Q2_Q4_1.0,1.6340212500937221
Q3_Q4_1.0,0.4890614920999625
Q1_1.0,0.42076074968710203
Q2_1.0,0.22578766034158096
Q3_1.0,0.18781950149737514
Q4_1.0,0.5708211787075405
