Missing_Rule,hyper_RMSE
0.1,0.2181710478419068
0.2,0.189302991152331
0.3,0.14617471894577785
0.4,0.12185066332619314
0.5,0.12074333769620231
0.6,0.12036331688710929
0.7,0.10355642041730527
0.8,0.09927075834344541
0.9,0.09425400981130885
