Missing_Rule,hyper_RMSE
0.1,0.1257782099816885
0.2,0.1182827414831784
0.3,0.13214827946517774
0.4,0.1549476722037378
0.5,0.18218982449636936
0.6,0.21227354297602
0.7,0.27908584566956746
0.8,0.35661791574193435
0.9,0.21227354297602
