Missing_Rule,hyper_RMSE
0.1,0.21059121878210812
0.2,0.23092493265348554
0.3,0.2527626002496015
0.4,0.3270871753296312
0.5,0.3535463187419538
0.6,0.4538356244794188
0.7,0.5888321513153733
0.8,0.9178007858876089
0.9,0.4538356244794188
