Missing_Rule,hyper_RMSE
0.1,0.4085686438308918
0.2,0.28368567258354704
0.3,0.2489936170864081
0.4,0.20063649307590506
0.5,0.1837710482430909
0.6,0.15921212898406908
0.7,0.1523835694352755
0.8,0.1493100215412326
0.9,0.1386379449459475
