Missing_Rule,hyper_RMSE
Q1_Q2_0.25,0.1346390674965766
Q1_Q3_0.25,0.03638564041678222
Q1_Q4_0.25,0.14487049006444538
Q2_Q3_0.25,0.01959998512138243
Q2_Q4_0.25,0.03892105827890151
Q3_Q4_0.25,0.1502295559608569
Q1_0.25,0.14411821731665322
Q2_0.25,0.12312375546849662
Q3_0.25,0.12580948970157613
Q4_0.25,0.19818636577288512
Q1_Q2_0.5,0.046400020851840675
Q1_Q3_0.5,0.18768406394927142
Q1_Q4_0.5,0.07445025065056804
Q2_Q3_0.5,0.12296524366273164
Q2_Q4_0.5,0.07907764112677806
Q3_Q4_0.5,0.16471394260124736
Q1_0.5,0.09289057590513608
Q2_0.5,0.13489977153499325
Q3_0.5,0.14087727570635022
Q4_0.5,0.057990950715625725
Q1_Q2_0.75,0.16223762617844095
Q1_Q3_0.75,0.15731858447596697
Q1_Q4_0.75,0.12741598532364898
Q2_Q3_0.75,0.16470676185435332
Q2_Q4_0.75,0.14671732510033514
Q3_Q4_0.75,0.09391618179057597
Q1_0.75,0.05358483741902909
Q2_0.75,0.024441209913067787
Q3_0.75,0.027280183202586166
Q4_0.75,0.06396859036221841
Q1_Q2_1.0,0.3125743084396195
Q1_Q3_1.0,0.3195226823532621
Q1_Q4_1.0,0.5137729838344012
Q2_Q3_1.0,0.31283048260104657
Q2_Q4_1.0,0.5117519874380363
Q3_Q4_1.0,0.5133946755284909
Q1_1.0,0.34642396065936254
Q2_1.0,0.3528675019095059
Q3_1.0,0.3357618255704806
Q4_1.0,0.6340820473035099
