Missing_Rule,hyper_RMSE
Q1_Q2_complete,0.8228465282497505
Q1_Q3_complete,0.4183863682724542
Q1_Q4_complete,1.028606836580989
Q2_Q3_complete,0.18253173466446926
Q2_Q4_complete,0.35425715253743484
Q3_Q4_complete,0.7596731966221038
Q1_complete,0.5779717352645898
Q2_complete,0.12962562192876545
Q3_complete,0.13029885214007716
Q4_complete,0.5061660801034945
