Missing_Rule,hyper_RMSE
0.1,0.4781865519755978
0.2,0.44472188476392205
0.3,0.4380127851417873
0.4,0.4962206197471734
0.5,0.5452739733487525
0.6,0.6976741796458898
0.7,0.8102443160649555
0.8,1.142795830964557
0.9,0.6976741796458898
