Missing_Rule,hyper_RMSE
0.1,
0.2,
0.3,0.2073601938117942
0.4,0.21646195760521827
0.5,0.2227598690193163
0.6,0.216620818983615
0.7,0.24824947049126772
0.8,0.28207924431495657
0.9,0.21662081898361504
