Missing_Rule,hyper_RMSE
0.1,0.13134562201986136
0.2,0.1681030595476167
0.3,0.17317165079074054
0.4,0.1968115350798213
0.5,0.23958542874590036
0.6,0.29405884590820697
0.7,0.3745024824707689
0.8,0.45605846848650505
0.9,0.29405884590820697
