Missing_Rule,hyper_RMSE
0.1,0.28077926269948017
0.2,1.5806023991088696
0.3,1.3576168902525587
0.4,1.304075013005797
0.5,1.2739014219916105
0.6,1.0729322338780767
0.7,1.1859843011928486
0.8,5.455868387749588
0.9,1.072932233878077
