Missing_Rule,hyper_RMSE
0.1,0.3335930337796899
0.2,0.3899525656604015
0.3,0.49175223473647733
0.4,0.5654945166456397
0.5,0.7530183125997201
0.6,0.8872645667416332
0.7,1.1822617316725796
0.8,1.624136768355668
0.9,0.8872645667416332
