Missing_Rule,Imputer RMSE
0.25,0.15781520307064056
0.5,0.1300925612449646
0.75,0.13359878957271576
