Missing_Rule,Imputer RMSE
Q2_Q3_complete,0.09949573874473572
Q2_Q3_partial,0.10545382648706436
Q2_Q4_complete,0.23147791624069214
Q2_Q4_partial,0.1424863487482071
Q3_Q4_complete,0.2949821352958679
Q3_Q4_partial,0.13544416427612305
