Missing_Rule,Imputer RMSE
Q2_Q3_complete,0.17080704867839813
Q2_Q3_partial,0.09945499897003174
Q2_Q4_complete,5.764078617095947
Q2_Q4_partial,0.20313042402267456
Q3_Q4_complete,11.839273452758789
Q3_Q4_partial,0.19785934686660767
