Missing_Rule,Imputer RMSE
Q1_Q2_complete,0.14961540699005127
Q1_Q2_partial,0.09843357652425766
Q1_Q3_complete,0.2257576435804367
Q1_Q3_partial,0.14196249842643738
Q1_Q4_complete,1.8453176021575928
Q1_Q4_partial,0.2647326588630676
