Missing_Rule,Imputer RMSE
Q1_Q2_complete,0.4083656072616577
Q1_Q2_partial,0.15073157846927643
Q1_Q3_complete,0.2705439329147339
Q1_Q3_partial,0.1496523916721344
Q1_Q4_complete,1.010412573814392
Q1_Q4_partial,0.2389606386423111
