Missing_Rule,Imputer RMSE
0.25,0.07027671486139297
0.5,0.057769306004047394
0.75,0.0340074822306633
