Missing_Rule,Imputer RMSE
0.25,0.24525301158428192
0.5,0.21895909309387207
0.75,0.18586184084415436
