Missing_Rule,Imputer RMSE
Q1_complete,0.10375989228487015
Q1_partial,0.07628947496414185
Q2_complete,0.043182626366615295
Q2_partial,0.042473357170820236
Q3_complete,0.04753194749355316
Q3_partial,0.0462646484375
Q4_complete,0.5158128142356873
Q4_partial,0.15622232854366302
