Missing_Rule,Imputer RMSE,Baseline RMSE
0.1,0.12228,0.18648
0.2,0.12576,0.18664
0.3,0.07679,0.15472
0.4,0.06466,0.13163
0.5,0.04987,0.15013
0.6,0.02309,0.1334
0.7,0.02121,0.12354
0.8,0.01599,0.13237
0.9,0.01432,0.12307
