Missing_Rule,Imputer RMSE,Baseline RMSE
0.1,0.07428,0.19074
0.2,0.0447,0.15707
0.3,0.04379,0.17872
0.4,0.03346,0.15862
0.5,0.02861,0.15337
0.6,0.02555,0.15277
0.7,0.02423,0.14573
0.8,0.025,0.15308
0.9,0.02353,0.14723
