Missing_Rule,Imputer RMSE,Baseline RMSE
0.1,0.11363,0.28717
0.2,0.08182,0.24019
0.3,0.07224,0.24288
0.4,0.0664,0.23499
0.5,0.06004,0.22977
0.6,0.05037,0.23145
0.7,0.05117,0.22799
0.8,0.05856,0.23001
0.9,0.04341,0.2158
