Missing_Rule,Imputer RMSE,Baseline RMSE
0.5,0.08575,0.23783
0.75,0.05552,0.21888
0.25,0.09325,0.2459
