Missing_Rule,Imputer RMSE,Baseline RMSE
0.1,4.71432,0.69469
0.2,4.82939,0.67202
0.3,4.75933,0.71278
0.4,5.21099,0.72273
0.5,5.21167,0.52482
0.6,4.34368,0.59596
0.7,4.77061,0.77868
0.8,4.58201,0.68203
0.9,4.78725,0.79406
