Missing_Rule,Imputer RMSE,Baseline RMSE
0.1,0.27544,0.47983
0.2,0.31378,0.51123
0.3,0.37096,0.57514
0.4,0.47927,0.65398
0.5,0.61897,0.76047
0.6,0.82872,0.88914
0.7,1.63616,1.23712
0.8,2.699,1.59255
0.9,0.82809,0.88914
