Missing_Rule,Imputer RMSE,Baseline RMSE
0.1,0.02033,0.15566
0.2,0.02682,0.16067
0.3,0.03057,0.17117
0.4,0.03232,0.1818
0.5,0.03741,0.20182
0.6,0.03099,0.22808
0.7,0.04216,0.27071
0.8,0.05465,0.34987
0.9,0.03063,0.22808
