Missing_Rule,Imputer RMSE,Baseline RMSE
0.1,,
0.2,,
0.3,0.04434,0.21728
0.4,0.05059,0.22457
0.5,0.05095,0.22806
0.6,0.05047,0.22516
0.7,0.07908,0.23943
0.8,0.07398,0.27568
0.9,0.05069,0.22516
