Missing_Rule,Imputer RMSE,Baseline RMSE
0.1,,2.16006
0.2,,2.16006
0.3,1.26097,2.41878
0.4,1.10047,3.59331
0.5,0.88046,2.86545
0.6,2.6809,6.6457
0.7,3.49572,5.62964
0.8,14.37931,6.1342
0.9,2.68239,6.6457
