Missing_Rule,Imputer RMSE,Baseline RMSE
0.1,0.30604,0.55629
0.2,0.39411,0.63564
0.3,0.53033,0.73913
0.4,0.72338,0.8587
0.5,1.08741,1.04677
0.6,1.76448,1.33865
0.7,3.27113,1.82087
0.8,7.87923,2.825
0.9,1.76737,1.33865
