Missing_Rule,Imputer RMSE,Baseline RMSE
0.5,0.04763,0.1176
0.75,0.01978,0.1363
0.25,0.04889,0.14622
