Missing_Rule,Imputer RMSE,Baseline RMSE
0.1,0.09809,0.31041
0.2,0.09386,0.30013
0.3,0.08727,0.29226
0.4,0.08535,0.2878
0.5,0.08377,0.28959
0.6,0.08557,0.28953
0.7,0.08325,0.28995
0.8,0.08614,0.28996
0.9,0.08484,0.28677
