Missing_Rule,Imputer RMSE,Baseline RMSE
0.5,0.06489,0.20666
0.75,0.04518,0.2009
0.25,0.19796,0.21082
