Missing_Rule,Imputer RMSE,Baseline RMSE
0.1,48.92095,2.86388
0.2,49.12762,3.5598
0.3,45.95755,3.53357
0.4,45.9767,3.0657
0.5,47.2198,3.60117
0.6,48.41616,3.69205
0.7,36.8083,2.64315
0.8,63.39064,4.76543
0.9,47.73971,2.98252
