Missing_Rule,Imputer RMSE,Baseline RMSE
0.1,0.04523,0.19035
0.2,0.04701,0.20543
0.3,0.0517,0.2117
0.4,0.05947,0.23418
0.5,0.07442,0.26711
0.6,0.09696,0.31786
0.7,0.10486,0.37064
0.8,0.14246,0.44779
0.9,0.09573,0.31786
