Missing_Rule,Imputer RMSE,Baseline RMSE
0.1,3.23103,0.65515
0.2,6.62402,1.35564
0.3,4.86471,1.09729
0.4,4.53378,1.0084
0.5,4.7937,0.95401
0.6,4.92981,0.85252
0.7,4.82767,0.84446
0.8,31.89677,5.28838
0.9,4.92972,0.85252
