Missing_Rule,Imputer RMSE,Baseline RMSE
0.1,0.13338,0.33833
0.2,0.07955,0.27016
0.3,0.07138,0.25788
0.4,0.0644,0.2397
0.5,0.05744,0.23804
0.6,0.05074,0.22263
0.7,0.04868,0.2181
0.8,0.05487,0.23547
0.9,0.04485,0.21797
