Missing_Rule,Imputer RMSE,Baseline RMSE
0.1,0.27028,0.5111
0.2,0.24225,0.47863
0.3,0.24491,0.47735
0.4,0.25995,0.47129
0.5,0.29187,0.5083
0.6,0.45775,0.66015
0.7,0.62557,0.77953
0.8,1.12853,1.06397
0.9,0.45595,0.66015
