Missing_Rule,Imputer RMSE,Baseline RMSE
0.1,0.06505,0.24445
0.2,0.05697,0.21456
0.3,0.05804,0.22062
0.4,0.05714,0.20868
0.5,0.0527,0.21784
0.6,0.04813,0.20142
0.7,0.05543,0.21989
0.8,0.05399,0.20517
0.9,0.05318,0.23076
