Missing_Rule,Imputer RMSE,Baseline RMSE
0.1,0.00194,0.04835
0.2,0.00195,0.07898
0.3,0.00166,0.0734
0.4,0.00133,0.0789
0.5,0.07834,0.0894
0.6,0.03366,0.24006
0.7,0.05318,0.27972
0.8,0.2343,0.47198
0.9,0.04105,0.24006
