Missing_Rule,Imputer RMSE,Baseline RMSE
0.1,0.1189,0.34304
0.2,0.12509,0.34921
0.3,0.14327,0.36711
0.4,0.16448,0.39854
0.5,0.20091,0.44345
0.6,0.27426,0.52039
0.7,0.40584,0.65656
0.8,0.76203,0.92312
0.9,0.27153,0.52039
