Missing_Rule,Imputer RMSE,Baseline RMSE
0.1,0.0345,0.13472
0.2,0.02766,0.11425
0.3,0.02008,0.11007
0.4,0.01802,0.11282
0.5,0.01643,0.11783
0.6,0.01597,0.11307
0.7,0.01313,0.10749
0.8,0.01147,0.09614
0.9,0.01337,0.11172
