Missing_Rule,NotMIWAE_RMSE,NotMIWAE_STD
0.1,0.3038870703222444,0.007970183340554821
0.2,0.34395791845273926,0.003965083788277649
0.3,0.6882008882130418,0.11866507005037649
0.4,0.8897942296109844,0.26539627457438414
0.5,1.0019243026165652,0.23964577902122505
0.6,0.9415796256520774,0.033814130129422214
0.7,1.4434670793310727,0.15774778640663675
0.8,1.9836488742593155,0.30881956833846747
0.9,0.9157401576160764,0.0071321546991951115
