Missing_Rule,NotMIWAE_RMSE,NotMIWAE_STD
0.1,1.738297937891867,0.15837164645683785
0.2,1.2408319982937823,0.09426318946502164
0.3,0.9724027293310993,0.055474162755679415
0.4,1.0509610427574116,0.10518564465203455
0.5,0.6517058451638548,0.10552904827784255
0.6,0.6993059819516674,0.07618458373462159
0.7,0.8352766961657737,0.07491868952184078
0.8,0.6506859418017263,0.0027268258818839227
0.9,0.7146772185880685,0.0271697035784619
