Missing_Rule,NotMIWAE_RMSE,NotMIWAE_STD
0.25,0.30915815027146093,0.02668518747008638
0.5,0.20731599902357195,0.0017022090190735061
0.75,0.16518687866871604,0.004190561881913388
