Missing_Rule,NotMIWAE_RMSE,NotMIWAE_STD
Q1_Q2_complete,0.5622500860344728,0.021571370022967575
Q1_Q2_partial,0.0814902507792108,0.0010316767685353237
Q1_Q3_complete,0.14185233824996182,0.00119874025853503
Q1_Q3_partial,0.0750211657674424,0.00030320760679512765
Q1_Q4_complete,1.399383244627471,0.0005735284421016374
Q1_Q4_partial,0.12477981739422664,0.0005860116102707941
