Missing_Rule,NotMIWAE_RMSE,NotMIWAE_STD
0.1,0.030769861457579963,0.002009495101811856
0.2,,
0.3,,
0.4,0.042616995523685454,0.0013983616081221326
0.5,0.05132758393969618,0.0007629104279699333
0.6,,
0.7,,
0.8,,
0.9,,
