Missing_Rule,NotMIWAE_RMSE,NotMIWAE_STD
0.1,1.6533512033835518,0.13070879982135428
0.2,1.6591881890906588,0.14924668074466435
0.3,1.5582918062696531,0.17945021482493367
0.4,2.201275881190784,0.2637431702066617
0.5,2.3645230678763607,0.6872109963394577
0.6,5.034544723960114,0.09387262404230265
0.7,4.970522678855177,0.15371984501136374
0.8,7.607454884634178,0.3091930589341407
0.9,5.378791921552873,0.35925293212827664
