Missing_Rule,NotMIWAE_RMSE,NotMIWAE_STD
0.1,0.44214485843767637,0.02571254339434112
0.2,0.41569358678222884,0.018578951584063867
0.3,0.43489625880133936,0.019125588758284753
0.4,0.8250472366967901,0.18895402074087186
0.5,1.0925746366637346,0.09665284257756623
0.6,0.7325248958034064,0.028689530762068313
0.7,0.9586842772701688,0.1206782019255494
0.8,1.28177754996795,0.15462004743587154
0.9,0.7636251543528408,0.02906853328678457
