Missing_Rule,NotMIWAE_RMSE,NotMIWAE_STD
0.1,2.339204183360353,0.06493352905990114
0.2,0.5351389388703363,0.06759876310412478
0.3,0.360847596292034,0.021175031057816603
0.4,0.26490439472384547,0.016333613757019198
0.5,0.2581391909295342,0.005884491025054989
0.6,0.20023400925982876,0.0023226100348779162
0.7,0.18614038054822463,0.0030538612015260183
0.8,0.1909521500208208,0.006765892453580064
0.9,0.1823514847449486,0.007531722817638822
