Missing_Rule,NotMIWAE_RMSE,NotMIWAE_STD
0.1,0.4002952144455677,0.16828880178068156
0.2,0.15511443848707357,0.0019706068225641827
0.3,0.1632299864446137,0.000686793328331881
0.4,0.1343875161100228,0.00085114067660395
0.5,0.12624192485999836,0.0011785534490878393
0.6,0.1182074625245775,0.0023332062255316415
0.7,0.10561433971747325,0.000713556402269122
0.8,0.09958376278885099,0.00157688067417344
0.9,0.09501158653062618,0.006258994311252486
