Missing_Rule,NotMIWAE_RMSE,NotMIWAE_STD
0.1,3.6764532193549817,0.0757170351589715
0.2,3.729829800288241,0.022571766495644904
0.3,3.1636396959572446,0.048206590326649076
0.4,2.54713616103333,0.09338623626914841
0.5,3.2059436634609577,0.07616131960878789
0.6,3.288049851071021,0.08852396901820098
0.7,2.0762427106008543,0.10609418253993538
0.8,4.234939523130502,0.06773465316116346
0.9,2.462076163974564,0.09567200961601637
