Missing_Rule,NotMIWAE_RMSE,NotMIWAE_STD
0.1,0.1011652757108914,0.0037519872585884593
0.2,0.11503104393297023,0.001939796771192465
0.3,0.1397874608002525,0.002948763442300458
0.4,0.16871821656353034,0.002849656807282629
0.5,0.2135163289313274,0.0017038509398150682
0.6,0.271623035323759,0.00313374279661306
0.7,0.36076874941842085,0.002795409020104422
0.8,0.44553580342752336,0.0010659165413331592
0.9,0.2738389751106082,0.001464872572054111
