Missing_Rule,NotMIWAE_RMSE,NotMIWAE_STD
0.1,0.48907000835915343,0.15735104861894525
0.2,0.24076952986387767,0.018098689953967732
0.3,0.16560579655628985,0.019053380615444235
0.4,0.15256400214788415,0.001735206589839183
0.5,0.1582900575669109,0.003106738324202034
0.6,0.11417810602571607,0.001186673590526316
0.7,0.10615721513663975,0.0018795771941971836
0.8,0.1003435289469786,0.0003303770595715356
0.9,0.08745022116415861,0.0001750061387382118
