Missing_Rule,NotMIWAE_RMSE,NotMIWAE_STD
0.1,0.16983536145726472,0.00815992722007446
0.2,0.19818609311392527,0.0042092406753865995
0.3,0.23217588642035691,0.0015946939073211836
0.4,0.2668547371182092,0.0053286390944761106
0.5,0.3082647809346316,0.0034248805427387857
0.6,0.3916972763684088,0.004908294096471595
0.7,0.6231403081180151,0.03166766101857564
0.8,2.1297576339640374,0.17309809064623458
0.9,0.3933274006900923,0.009827891253864131
