Missing_Rule,NotMIWAE_RMSE,NotMIWAE_STD
0.1,0.4384857901472098,0.12303595558258097
0.2,0.24609285943000128,0.004212815714493045
0.3,0.2527434717136052,0.0067127300850542155
0.4,0.22178803650945608,0.004056074362525137
0.5,0.194669003028544,0.002390749554449446
0.6,0.18303219760604877,0.008536905418187536
0.7,0.17638600576781932,0.005722435655153589
0.8,0.15715470870173076,0.005048646475391228
0.9,0.11839960381934982,0.0039013002585775946
