Missing_Rule,NotMIWAE_RMSE,NotMIWAE_STD
0.25,0.15430532092588134,0.00044303003530036367
0.5,0.11211904621186611,0.0018332877694174987
0.75,0.10308364103255734,0.0013827439737317396
