Missing_Rule,NotMIWAE_RMSE,NotMIWAE_STD
Q2_Q3_complete,0.7476765056842207,0.01301531921356993
Q2_Q3_partial,0.11111726141324932,0.003068499061358304
Q2_Q4_complete,18.873477230997917,0.002410852288185435
Q2_Q4_partial,0.17324069382465707,0.006209270202359888
Q3_Q4_complete,,
Q3_Q4_partial,0.20935812653952227,0.020673488992281594
