Missing_Rule,NotMIWAE_RMSE,NotMIWAE_STD
Q1_complete,0.18497096080323766,0.0033804342829800355
Q1_partial,0.07456691703431488,0.0034133392999109503
Q2_complete,0.08185624265290145,0.00027899726558633457
Q2_partial,0.06364589926745555,0.001989032650381373
Q3_complete,0.08715760465112221,0.0020830913581788048
Q3_partial,0.06723426912194506,0.0012470450303892384
Q4_complete,0.7134884871061586,0.0059058806395249274
Q4_partial,0.11323770260058205,0.0015466829413766244
