Missing_Rule,NotMIWAE_RMSE,NotMIWAE_STD
0.25,0.53940524628091,0.0
0.5,0.520750786690881,0.0
0.75,0.5014023009278348,0.0
