Missing_Rule,NotMIWAE_RMSE,NotMIWAE_STD
0.25,0.5822447473374139,0.0
0.5,0.4572574960496284,0.0
0.75,0.5467022162604276,0.0
