Missing_Rule,NotMIWAE_RMSE,NotMIWAE_STD
Q2_Q3_complete,0.08389722732990632,0.001833397973478689
Q2_Q3_partial,0.05592449580292067,0.0010934227747760009
Q2_Q4_complete,0.46979520797644786,0.005909940559353136
Q2_Q4_partial,0.10504280103241256,0.0003897644666223909
Q3_Q4_complete,0.6107928250506751,0.00432952239921804
Q3_Q4_partial,0.09501865432323159,0.0008127629887783462
