Missing_Rule,NotMIWAE_RMSE,NotMIWAE_STD
0.1,0.43300548454806204,0.2925450242289528
0.2,1.7652766779017601,0.14861970381409245
0.3,1.3579020110500626,0.12999441390383826
0.4,1.3344903444524903,0.024616658306873325
0.5,1.2083538094545383,0.11489905450489761
0.6,1.234061234434332,0.012199702163463864
0.7,1.082161593021085,0.0792107415173038
0.8,5.422414753951439,0.011922052359745933
0.9,1.23891243928289,0.004191237603724765
