Missing_Rule,NotMIWAE_RMSE,NotMIWAE_STD
0.1,2.0060308513847183,1.52757063980034
0.2,0.25360654721681886,0.05661663391032668
0.3,0.2223772105096536,0.00815221457618219
0.4,0.1798772342629156,0.0069938950360815275
0.5,0.22985044391615453,0.10404635603541328
0.6,0.1347271664017721,0.0015905619448250295
0.7,0.14049205602069967,0.0024899528023795245
0.8,0.10965272672143656,0.0020507818187592065
0.9,0.10984514211281644,0.00415932053231871
