Missing_Rule,NotMIWAE_RMSE,NotMIWAE_STD
0.1,3.5926980439446057,0.09537832801893954
0.2,3.6467483189084007,0.055745816033898984
0.3,3.1307790727142746,0.059069589220623504
0.4,2.6110962795889585,0.0999288197462519
0.5,3.236930721118732,0.08525570686103494
0.6,3.2340096448796283,0.03437816770089943
0.7,2.004218486200306,0.10555981450746262
0.8,4.242020751447656,0.03405617635334034
0.9,2.3112623458827155,0.21221036717911532
