Missing_Rule,NotMIWAE_RMSE,NotMIWAE_STD
0.1,0.1002795363112289,0.0022010701549673166
0.2,0.11696210387844189,0.0015439073370876397
0.3,0.13109395858539014,0.0017990048225797256
0.4,0.14567101407574523,0.0006412001561338573
0.5,0.1707264557969176,0.0010418364535666098
0.6,0.21312880765881997,0.0012837657375221385
0.7,0.2816808101024971,0.0032971280229447276
0.8,0.3577762631404052,0.0021732414551595366
0.9,0.21373303264379695,0.0020491485558637194
