Missing_Rule,miracle_RMSE
0.1,0.03402236121833446
0.2,0.06097539306236482
0.3,0.06340577302601892
0.4,0.06735422462583805
0.5,0.07442000989616424
0.6,0.2129163108110656
0.7,0.30771767013763346
0.8,0.6259366118195359
0.9,0.2129163108110656
