Missing_Rule,miracle_RMSE
0.1,3.937458683049047
0.2,3.7167979725507365
0.3,3.4475902965920793
0.4,3.080930462022346
0.5,2.676410085934407
0.6,2.283714342725721
0.7,1.6826515039588932
0.8,1.3884788019124257
0.9,2.283714342725721
