Missing_Rule,miracle_RMSE
Q1_Q2_complete,3.6592761254118082
Q1_Q3_complete,926754160.7846143
Q1_Q4_complete,9104672.973668534
Q2_Q3_complete,13897567.27769731
Q2_Q4_complete,5.319326179311899
Q3_Q4_complete,13935778.936562315
Q1_complete,3.6463710406208665
Q2_complete,4.163290162579654
Q3_complete,16395408.925605271
Q4_complete,5.8539059864926495
