Missing_Rule,miracle_RMSE
Q1_Q2_complete,3.293133652839019
Q1_Q3_complete,3.440975786840715
Q1_Q4_complete,4.537547723727862
Q2_Q3_complete,3.5653652771228534
Q2_Q4_complete,4.256343527072559
Q3_Q4_complete,5.049562281897622
Q1_complete,3.6190972161181225
Q2_complete,3.8748096909944363
Q3_complete,4.027303088127915
Q4_complete,5.110901840088701
