Missing_Rule,miracle_RMSE
0.1,4.690572388034862
0.2,4.897597600424141
0.3,4.992571516707734
0.4,5.2497306795252126
0.5,5.159227446299108
0.6,5.3277280859324225
0.7,5.4118599412361155
0.8,5.1552389917642545
0.9,5.492807402028583
