Missing_Rule,miracle_RMSE
0.1,3.876921063300576
0.2,3.5335641906748005
0.3,3.236508739274233
0.4,3.044465170407264
0.5,2.7704504120499918
0.6,2.9372166137171143
0.7,2.024224407186691
0.8,1.502739629501448
0.9,2.9372166137171143
