Missing_Rule,miracle_RMSE
0.1,2.37107227488548
0.2,2.37107227488548
0.3,1.7669524821224627
0.4,2.238250514854777
0.5,2.5652460972046867
0.6,3.204584668427272
0.7,3.5801650060305343
0.8,5.530382845243033
0.9,3.204584668427272
