Missing_Rule,miracle_RMSE
0.1,2.989965761080773
0.2,3.2076721142917806
0.3,3.286697214981442
0.4,3.5423776553197057
0.5,3.7050341211116056
0.6,3.8271683638406913
0.7,3.9830422657972067
0.8,4.156502071425748
0.9,4.220492737632291
