Missing_Rule,miracle_RMSE
0.1,
0.2,
0.3,4.2719700135496765
0.4,4.319945707967849
0.5,4.405111569592291
0.6,4.506954474021492
0.7,4.5548748665750205
0.8,4.577017411509279
0.9,4.506954474021492
