Missing_Rule,miracle_RMSE
0.1,8.331099778267193
0.2,8.558933538845492
0.3,9.07620064278479
0.4,8.905923218427867
0.5,9.397958244727814
0.6,9.555575941965122
0.7,9.028869264153135
0.8,10.242293829083252
0.9,8.702437431371077
