Missing_Rule,miracle_RMSE
0.1,5.432937460614147
0.2,5.464526259409812
0.3,5.174639992948332
0.4,5.167945436642118
0.5,5.029024318435291
0.6,5.159345978152113
0.7,5.079634682223036
0.8,6.201838690544664
0.9,5.159345978152113
