Missing_Rule,miracle_RMSE
0.1,3.6641811906662327
0.2,3.5513869120202983
0.3,3.4414836415448393
0.4,3.37690416562915
0.5,3.205206697232749
0.6,3.0405299670161
0.7,2.855139991927763
0.8,2.6512590279208896
0.9,3.0405299670161
