Missing_Rule,miracle_RMSE
0.25,3.16257904663634
0.5,3.7060890911930646
0.75,4.064829326664115
