Missing_Rule,miracle_RMSE
0.1,3.958602027145361
0.2,3.9498546845088294
0.3,3.9019486612358
0.4,3.916957578457822
0.5,3.633604495160473
0.6,3.585785973706491
0.7,565983699.0435941
0.8,928367944.2523706
0.9,3.585785973706491
