Missing_Rule,miracle_RMSE
Q1_Q2_complete,2.676410085934407
Q1_Q3_complete,3.3226294886073733
Q1_Q4_complete,3.815682604959699
Q2_Q3_complete,3.5850443050577163
Q2_Q4_complete,4.0270595097650235
Q3_Q4_complete,4.729844927656448
Q1_complete,3.5539576200673917
Q2_complete,4.062024361370053
Q3_complete,4.313486730368988
Q4_complete,5.090099032932705
