Missing_Rule,miracle_RMSE
Q1_Q2_complete,3.0083274294358424
Q1_Q3_complete,3.239901789734335
Q1_Q4_complete,4.9123864673213005
Q2_Q3_complete,3.3083827119774023
Q2_Q4_complete,20.136589904016795
Q3_Q4_complete,463199203.66706693
Q1_complete,3.791201443386675
Q2_complete,3.861194651868968
Q3_complete,3.9975229580769462
Q4_complete,5.908604230875008
