Missing_Rule,miracle_RMSE
Q1_Q2_complete,2.1495242012461566
Q1_Q3_complete,2.783053749296702
Q1_Q4_complete,3.490856759408471
Q2_Q3_complete,2.983141019487633
Q2_Q4_complete,3.901596119355147
Q3_Q4_complete,4.429889603903166
Q1_complete,3.0777964265432423
Q2_complete,3.5075153247629727
Q3_complete,3.930086551244033
Q4_complete,5.150948437862126
