Missing_Rule,miracle_RMSE
0.1,4.443985172108285
0.2,4.4473917722013425
0.3,4.4424614458103715
0.4,4.373471894613165
0.5,4.465206795816814
0.6,4.448812734616003
0.7,4.362358305502249
0.8,4.3082266424510145
0.9,4.331847127225066
