Missing_Rule,miracle_RMSE
0.1,3.873681534582168
0.2,3.8513602422554154
0.3,3.8296045057942147
0.4,3.805328065631205
0.5,3.815233080564643
0.6,3.864354314858526
0.7,3.641933965142971
0.8,3.451443743970787
0.9,3.864354314858526
