Missing_Rule,miracle_RMSE
0.1,2.0271050314976815
0.2,2.2547955972190934
0.3,2.3752123464756507
0.4,2.866875704023854
0.5,3.744035799358621
0.6,3.5996554420112603
0.7,4.407918622453147
0.8,3.9672795576787867
0.9,4.148860046267909
