Missing_Rule,miracle_RMSE
0.1,4.993768119587971
0.2,4.923455923211696
0.3,4.900668238057513
0.4,4.8418141324568085
0.5,4.744224239522046
0.6,4.741984642847046
0.7,4.644516751524239
0.8,4.686036538484023
0.9,4.594510009376216
