Missing_Rule,miracle_RMSE
0.1,2.968825040867216
0.2,3.14802103241219
0.3,3.3750132867595886
0.4,3.452587725986542
0.5,3.6126347854414074
0.6,3.7835858947435197
0.7,3.954296585805338
0.8,4.062831714302146
0.9,4.1937024074948015
