Missing_Rule,miracle_RMSE
Q1_Q2_complete,3.2933019438462883
Q1_Q3_complete,3.4358301762796484
Q1_Q4_complete,4.304671960628825
Q2_Q3_complete,3.618273205943254
Q2_Q4_complete,4.364467784324419
Q3_Q4_complete,4.934893480860969
Q1_complete,3.6755706106639687
Q2_complete,3.9954356312536543
Q3_complete,4.082727223755114
Q4_complete,5.0453525590446615
