Missing_Rule,miracle_RMSE
0.1,3.7623894648416205
0.2,3.652169700454078
0.3,3.538575001185626
0.4,3.5371305452273476
0.5,3.322973917154233
0.6,3.1335206771564685
0.7,2.8815553231344633
0.8,2.6195754221781513
0.9,3.1335206771564685
