Missing_Rule,miracle_RMSE
0.1,4.604385171194967
0.2,4.529884200277783
0.3,4.405568074510292
0.4,3.931187479507421
0.5,3.681277901869688
0.6,3.1838587486107195
0.7,2.7311950240781355
0.8,2.2792292002461165
0.9,3.1838587486107195
