Missing_Rule,miracle_RMSE
Q1_Q2_complete,3.7496220995518215
Q1_Q3_complete,4.293607127537268
Q1_Q4_complete,4.868585572650864
Q2_Q3_complete,4.834605068718905
Q2_Q4_complete,5.1095812988859075
Q3_Q4_complete,5.483353461447461
Q1_complete,3.774306371004572
Q2_complete,4.5967412622055575
Q3_complete,4.721954266191618
Q4_complete,5.179451251284479
