Missing_Rule,miracle_RMSE
0.1,2.7271302138759634
0.2,2.872970416511708
0.3,3.167129600071761
0.4,3.2978090431145644
0.5,3.566376456687948
0.6,3.9593891247419752
0.7,3.9609434087279056
0.8,4.570005204319334
0.9,4.577219355674571
