Missing_Rule,miracle_RMSE
0.1,2.9476395241456075
0.2,3.1048396962213656
0.3,3.263419794441082
0.4,3.438354365377684
0.5,3.670600333021405
0.6,3.765277662629772
0.7,3.8871506810923124
0.8,4.095732794338259
0.9,4.31183315094469
