Missing_Rule,miracle_RMSE
0.1,2.99162287053498
0.2,3.121396632560329
0.3,3.3598111419504275
0.4,3.447903061839308
0.5,3.6613234904195253
0.6,3.8833557182618024
0.7,4.097171795805256
0.8,4.113462572638942
0.9,4.360887890268605
