Missing_Rule,miracle_RMSE
0.25,4.104311891480105
0.5,4.259799299808535
0.75,4.346816929615502
