Missing_Rule,Imputer RMSE,Baseline RMSE
0.5,0.36938,0.56557
0.75,0.64928,0.75973
0.25,0.28118,0.47535
