Missing_Rule,Imputer RMSE,Baseline RMSE
0.5,0.06711,0.26313
0.75,0.25737,0.35855
0.25,0.11209,0.2005
