Missing_Rule,Imputer RMSE,Baseline RMSE
0.5,0.47531,0.49682
0.75,0.92288,0.85084
0.25,0.17673,0.5218
