Missing_Rule,hyper_RMSE
0.25,0.17268592594648396
0.5,0.12060992001259013
0.75,0.11562472365645456
