Missing_Rule,Imputer RMSE
0.1,0.29027578234672546
0.2,0.23966357111930847
0.3,0.2367926388978958
0.4,0.2200753390789032
0.5,0.21509522199630737
0.6,0.2089955359697342
0.7,0.18922919034957886
0.8,0.19287103414535522
0.9,0.18806934356689453
