Missing_Rule,Imputer RMSE
0.25,0.026643825694918633
0.5,0.007772474084049463
0.75,0.001358400913886726
