Missing_Rule,Imputer RMSE
Q1_Q2_complete,0.28870946168899536
Q1_Q3_complete,426223872.0
Q1_Q4_complete,3619412.75
Q2_Q3_complete,5398790.5
Q2_Q4_complete,0.9944430589675903
Q3_Q4_complete,5398793.5
Q1_complete,0.32340511679649353
Q2_complete,0.10415233671665192
Q3_complete,5398790.5
Q4_complete,1.2984665632247925
