Missing_Rule,Imputer RMSE
0.1,0.33949556946754456
0.2,0.25827929377555847
0.3,0.23764614760875702
0.4,0.21832101047039032
0.5,0.2245144546031952
0.6,0.20646266639232635
0.7,0.20912609994411469
0.8,0.22165703773498535
0.9,0.19959744811058044
