Missing_Rule,Imputer RMSE
0.1,0.45351696014404297
0.2,0.4788338243961334
0.3,0.5105668902397156
0.4,0.4790000021457672
0.5,0.47978654503822327
0.6,0.525644838809967
0.7,0.5977796912193298
0.8,0.5169270038604736
0.9,0.5871844291687012
