Missing_Rule,Imputer RMSE
0.1,0.0
0.2,0.0
0.3,0.12126749753952026
0.4,0.15852253139019012
0.5,0.13275021314620972
0.6,0.10916036367416382
0.7,0.09566669911146164
0.8,0.07924657315015793
0.9,0.10916036367416382
