Missing_Rule,Imputer RMSE
0.25,0.029190905392169952
0.5,0.015263151377439499
0.75,0.0022110885474830866
