Missing_Rule,Imputer RMSE
0.25,0.19747067987918854
0.5,0.17659500241279602
0.75,0.1607004702091217
