Missing_Rule,Imputer RMSE
0.1,0.23443377017974854
0.2,0.21019139885902405
0.3,0.20471292734146118
0.4,0.17497766017913818
0.5,0.18186858296394348
0.6,0.1652890145778656
0.7,0.1805042028427124
0.8,0.17145441472530365
0.9,0.18626385927200317
