Missing_Rule,Imputer RMSE
0.1,0.26820290088653564
0.2,0.41384124755859375
0.3,0.45308271050453186
0.4,0.45520487427711487
0.5,0.44877809286117554
0.6,0.4514242112636566
0.7,0.4471098482608795
0.8,0.509114146232605
0.9,0.4514242112636566
