Missing_Rule,Imputer RMSE
Q1_Q2_complete,104973.3203125
Q1_Q3_complete,100049.6796875
Q1_Q4_complete,3794515.5
Q2_Q3_complete,401464.78125
Q2_Q4_complete,3800850.0
Q3_Q4_complete,4064629.75
Q1_complete,90975.9140625
Q2_complete,116247.125
Q3_complete,84884.4609375
Q4_complete,5285451.5
