Missing_Rule,Imputer RMSE
Q1_complete,0.15031355619430542
Q1_partial,0.11184335500001907
Q2_complete,0.04752155765891075
Q2_partial,0.04741638898849487
Q3_complete,0.05294770374894142
Q3_partial,0.053671322762966156
Q4_complete,0.7738232016563416
Q4_partial,0.22165189683437347
