Missing_Rule,Imputer RMSE
0.1,0.18479228019714355
0.2,0.14918498694896698
0.3,0.17215095460414886
0.4,0.15206722915172577
0.5,0.1470087766647339
0.6,0.1412881463766098
0.7,0.13565431535243988
0.8,0.13658876717090607
0.9,0.1226833313703537
