Missing_Rule,Imputer RMSE
Q2_Q3_complete,0.04943764582276344
Q2_Q3_partial,0.049809060990810394
Q2_Q4_complete,0.5529648065567017
Q2_Q4_partial,0.14110936224460602
Q3_Q4_complete,0.8515297174453735
Q3_Q4_partial,0.16491569578647614
