Missing_Rule,Imputer RMSE
0.1,0.17195548117160797
0.2,0.1647181659936905
0.3,0.13338766992092133
0.4,0.10971546918153763
0.5,0.1151265799999237
0.6,0.10960862040519714
0.7,0.09928014874458313
0.8,0.1091839000582695
0.9,0.09460365772247314
