Missing_Rule,Imputer RMSE
0.1,0.3227967619895935
0.2,0.45262405276298523
0.3,0.4770309627056122
0.4,0.716840922832489
0.5,7.738983154296875
0.6,319.5755615234375
0.7,589.1982421875
0.8,318.666259765625
0.9,319.5755615234375
