Missing_Rule,Imputer RMSE
Q1_Q2_complete,54960.4453125
Q1_Q3_complete,16428.240234375
Q1_Q4_complete,366245.46875
Q2_Q3_complete,8862.08203125
Q2_Q4_complete,125712.0
Q3_Q4_complete,212319.25
Q1_complete,16821.169921875
Q2_complete,7619.04443359375
Q3_complete,7902.59033203125
Q4_complete,142874.984375
