Missing_Rule,Imputer RMSE
Q1_complete,0.09951682388782501
Q1_partial,0.07617697864770889
Q2_complete,0.04316426441073418
Q2_partial,0.04246000573039055
Q3_complete,0.04796261712908745
Q3_partial,0.046908024698495865
Q4_complete,0.5158484578132629
Q4_partial,0.15569904446601868
