Missing_Rule,Imputer RMSE
Q1_Q2_complete,0.46972838044166565
Q1_Q3_complete,0.316806435585022
Q1_Q4_complete,46451.21484375
Q2_Q3_complete,0.1064160168170929
Q2_Q4_complete,33276.99609375
Q3_Q4_complete,3611.485107421875
Q1_complete,0.47472652792930603
Q2_complete,0.12917058169841766
Q3_complete,0.09793522208929062
Q4_complete,91950.1953125
