Missing_Rule,Imputer RMSE
Q2_Q3_complete,0.0473543144762516
Q2_Q3_partial,0.046391166746616364
Q2_Q4_complete,0.38855722546577454
Q2_Q4_partial,0.11773572117090225
Q3_Q4_complete,0.5654532313346863
Q3_Q4_partial,0.11111298203468323
