Missing_Rule,Imputer RMSE
0.1,0.1941210925579071
0.2,0.22611713409423828
0.3,0.21431002020835876
0.4,0.21004155278205872
0.5,0.2761651277542114
0.6,0.2945014238357544
0.7,266650240.0
0.8,407619744.0
0.9,0.2945014238357544
