Missing_Rule,Imputer RMSE
Q1_Q2_complete,0.15464062988758087
Q1_Q3_complete,0.22968745231628418
Q1_Q4_complete,1.8462275266647339
Q2_Q3_complete,0.16730310022830963
Q2_Q4_complete,5.75598669052124
Q3_Q4_complete,340233696.0
Q1_complete,0.13552679121494293
Q2_complete,0.05057357996702194
Q3_complete,0.1468225121498108
Q4_complete,1.1459298133850098
