Missing_Rule,Imputer RMSE
0.1,0.5583083033561707
0.2,0.5538864135742188
0.3,0.5793308615684509
0.4,0.5574350953102112
0.5,0.587533712387085
0.6,0.7374112010002136
0.7,0.9554173350334167
0.8,1.5391693115234375
0.9,0.7374112010002136
