Missing_Rule,Imputer RMSE
Q1_Q2_complete,0.4248167872428894
Q1_Q3_complete,0.2706861197948456
Q1_Q4_complete,1.0100610256195068
Q2_Q3_complete,0.10342086851596832
Q2_Q4_complete,0.23146507143974304
Q3_Q4_complete,0.2955987751483917
Q1_complete,0.3480924665927887
Q2_complete,0.10357366502285004
Q3_complete,0.09559567272663116
Q4_complete,0.3133186101913452
