Missing_Rule,Imputer RMSE
Q1_Q2_complete,0.0888020396232605
Q1_Q2_partial,0.0636822059750557
Q1_Q3_complete,0.08528255671262741
Q1_Q3_partial,0.0672285407781601
Q1_Q4_complete,1.2590036392211914
Q1_Q4_partial,0.12684299051761627
