Missing_Rule,Imputer RMSE
0.1,0.2624506652355194
0.2,1.1069282293319702
0.3,1.0972098112106323
0.4,1.073988437652588
0.5,0.7094323635101318
0.6,0.5862579345703125
0.7,0.5764650702476501
0.8,26.345518112182617
0.9,0.5862579345703125
