Missing_Rule,Imputer RMSE
0.1,1.6733726263046265
0.2,1.9890590906143188
0.3,2.006588935852051
0.4,1.802782416343689
0.5,2.528582811355591
0.6,2.1314544677734375
0.7,18.71742057800293
0.8,869.4174194335938
0.9,5500.8203125
