Missing_Rule,Imputer RMSE
0.1,0.16229724884033203
0.2,0.22009824216365814
0.3,0.205756276845932
0.4,0.15561829507350922
0.5,0.14330938458442688
0.6,0.16225871443748474
0.7,0.22767217457294464
0.8,0.3497762084007263
0.9,0.16225871443748474
