Missing_Rule,Imputer RMSE
0.1,0.15872544050216675
0.2,0.16336624324321747
0.3,0.15003345906734467
0.4,0.13028408586978912
0.5,0.12805084884166718
0.6,0.11919338256120682
0.7,0.11354491859674454
0.8,0.11397912353277206
0.9,0.11919338256120682
