Missing_Rule,Imputer RMSE
0.1,0.16869889199733734
0.2,0.16438622772693634
0.3,0.18887028098106384
0.4,0.16442915797233582
0.5,0.15521240234375
0.6,0.1508737951517105
0.7,0.14473704993724823
0.8,0.14496783912181854
0.9,0.1508737951517105
