Missing_Rule,Imputer RMSE
Q2_Q3_complete,0.16953182220458984
Q2_Q3_partial,0.09941666573286057
Q2_Q4_complete,5.75598669052124
Q2_Q4_partial,0.20299066603183746
Q3_Q4_complete,11.88731861114502
Q3_Q4_partial,0.1976722925901413
