Missing_Rule,Imputer RMSE
0.1,0.11990077793598175
0.2,0.10503660142421722
0.3,0.105685755610466
0.4,0.10985597223043442
0.5,0.11226212233304977
0.6,0.11018729209899902
0.7,0.10684951394796371
0.8,0.0853414535522461
0.9,0.09563479572534561
