Missing_Rule,Imputer RMSE
0.25,0.025630056858062744
0.5,0.008785285986959934
0.75,0.0007353965193033218
