Missing_Rule,Imputer RMSE
Q1_Q2_complete,0.1310162991285324
Q1_Q2_partial,0.08309952169656754
Q1_Q3_complete,0.11719989031553268
Q1_Q3_partial,0.08823785930871964
Q1_Q4_complete,1.5684714317321777
Q1_Q4_partial,0.17876861989498138
