Missing_Rule,Imputer RMSE
Q1_complete,0.34899353981018066
Q1_partial,0.18204781413078308
Q2_complete,0.10336598753929138
Q2_partial,0.10493087023496628
Q3_complete,0.09577008336782455
Q3_partial,0.09688925743103027
Q4_complete,0.31218013167381287
Q4_partial,0.17614048719406128
