Missing_Rule,Imputer RMSE
Q1_complete,0.1417781412601471
Q1_partial,0.12957681715488434
Q2_complete,0.04906821250915527
Q2_partial,0.06130151450634003
Q3_complete,0.14525415003299713
Q3_partial,0.09795501828193665
Q4_complete,1.1455276012420654
Q4_partial,0.24283543229103088
