Missing_Rule,Imputer RMSE
0.1,0.31600943207740784
0.2,0.29187339544296265
0.3,0.2972955107688904
0.4,0.3239079415798187
0.5,0.33830440044403076
0.6,0.3688890337944031
0.7,0.45345985889434814
0.8,0.6080567836761475
0.9,0.3688890337944031
