Missing_Rule,Imputer RMSE
0.1,0.09930362552404404
0.2,0.10620273649692535
0.3,0.10853610187768936
0.4,0.10591288655996323
0.5,0.10449645668268204
0.6,0.0865764394402504
0.7,0.07597248256206512
0.8,0.10120008140802383
0.9,0.0865764394402504
