Missing_Rule,OT_SK_RMSE,OT_linear_RMSE,OT_mlp_RMSE
0.25,0.22357371300083378,0,0
0.5,0.18010191238282675,0,0
0.75,0.1591200939784409,0,0
