Missing_Rule,OT_SK_RMSE,OT_linear_RMSE,OT_mlp_RMSE
Q1_complete,0.18965992116725625,0,0
Q1_partial,0.10678353907839264,0,0
Q2_complete,0.10396443132635502,0,0
Q2_partial,0.0801592181948946,0,0
Q3_complete,0.1002146644007015,0,0
Q3_partial,0.08459246356426947,0,0
Q4_complete,0.9501820603711499,0,0
Q4_partial,0.17869775545227282,0,0
