Missing_Rule,OT_SK_RMSE,OT_linear_RMSE,OT_mlp_RMSE
0.25,0.3565468254993146,0,0
0.5,0.31382431091232704,0,0
0.75,0.2231198406437584,0,0
