Missing_Rule,OT_SK_RMSE,OT_linear_RMSE,OT_mlp_RMSE
0.25,0.15206257785055555,0,0
0.5,0.11764686372784702,0,0
0.75,0.10764541299918903,0,0
