Missing_Rule,OT_SK_RMSE,OT_linear_RMSE,OT_mlp_RMSE
0.25,0.16442174597058387,0,0
0.5,0.18080253044592226,0,0
0.75,0.2103116821126353,0,0
