Missing_Rule,OT_SK_RMSE,OT_linear_RMSE,OT_mlp_RMSE
Q1_Q2_complete,0.5744185874869248,0,0
Q1_Q2_partial,0.23814638974041727,0,0
Q1_Q3_complete,0.691663463767731,0,0
Q1_Q3_partial,0.2008067074140614,0,0
Q1_Q4_complete,2.678306051000293,0,0
Q1_Q4_partial,0.24584462550018057,0,0
