Missing_Rule,OT_SK_RMSE,OT_linear_RMSE,OT_mlp_RMSE
Q1_complete,0.4783848749853144,0,0
Q1_partial,0.18680364699214885,0,0
Q2_complete,0.35700096466321296,0,0
Q2_partial,0.1354020924045786,0,0
Q3_complete,0.7933644292788121,0,0
Q3_partial,0.1354507513309209,0,0
Q4_complete,2.1643294193498823,0,0
Q4_partial,0.2497941272377151,0,0
