Missing_Rule,OT_SK_RMSE,OT_linear_RMSE,OT_mlp_RMSE
0.25,0.17994326273137154,0,0
0.5,0.13163177329278833,0,0
0.75,0.12431842364061652,0,0
