Missing_Rule,OT_SK_RMSE,OT_linear_RMSE,OT_mlp_RMSE
0.25,0.2623689352035971,0,0
0.5,0.2307286973547507,0,0
0.75,0.19202882532229956,0,0
