Missing_Rule,OT_SK_RMSE,OT_linear_RMSE,OT_mlp_RMSE
0.25,0.10400655086411925,0,0
0.5,0.10904229651686045,0,0
0.75,0.12177306126884645,0,0
