Missing_Rule,OT_SK_RMSE,OT_linear_RMSE,OT_mlp_RMSE
Q2_Q3_complete,0.17921242836845688,0,0
Q2_Q3_partial,0.13295745360765893,0,0
Q2_Q4_complete,0.35761070995690714,0,0
Q2_Q4_partial,0.14566029871033742,0,0
Q3_Q4_complete,0.7167049611723039,0,0
Q3_Q4_partial,0.1371333912348555,0,0
