Missing_Rule,OT_SK_RMSE,OT_linear_RMSE,OT_mlp_RMSE
Q1_Q2_complete,0.2621396566494538,0,0
Q1_Q2_partial,0.10398441896709491,0,0
Q1_Q3_complete,0.16119828783078,0,0
Q1_Q3_partial,0.0987749149136074,0,0
Q1_Q4_complete,1.4110837836538224,0,0
Q1_Q4_partial,0.14360086719276427,0,0
