Missing_Rule,OT_SK_RMSE,OT_linear_RMSE,OT_mlp_RMSE
Q1_complete,0.18632831053209875,0,0
Q1_partial,0.1161364784480216,0,0
Q2_complete,0.09007502146116736,0,0
Q2_partial,0.07814756736023956,0,0
Q3_complete,0.08964680171340236,0,0
Q3_partial,0.07759173600757205,0,0
Q4_complete,0.7017214305635096,0,0
Q4_partial,0.18738869187728813,0,0
