Missing_Rule,OT_SK_RMSE,OT_linear_RMSE,OT_mlp_RMSE
Q2_Q3_complete,0.11185824166206598,0,0
Q2_Q3_partial,0.08200000189071037,0,0
Q2_Q4_complete,0.49653849871855577,0,0
Q2_Q4_partial,0.13490942366110836,0,0
Q3_Q4_complete,0.99966277646812,0,0
Q3_Q4_partial,0.1444914480522005,0,0
