Missing_Rule,OT_SK_RMSE,OT_linear_RMSE,OT_mlp_RMSE
Q1_Q2_complete,0.823291183102779,0,0
Q1_Q2_partial,0.15787106607445706,0,0
Q1_Q3_complete,0.392578467266871,0,0
Q1_Q3_partial,0.17304432847592244,0,0
Q1_Q4_complete,1.0305538540106485,0,0
Q1_Q4_partial,0.2228366371181413,0,0
