Missing_Rule,OT_SK_RMSE,OT_linear_RMSE,OT_mlp_RMSE
Q2_Q3_complete,0.1331254929905419,0,0
Q2_Q3_partial,0.09175845817997347,0,0
Q2_Q4_complete,0.654478100708855,0,0
Q2_Q4_partial,0.12739110812449145,0,0
Q3_Q4_complete,1.1868917983416372,0,0
Q3_Q4_partial,0.147601599725764,0,0
