Missing_Rule,OT_SK_RMSE,OT_linear_RMSE,OT_mlp_RMSE
0.25,0.101967172628649,0,0
0.5,0.11899399785247461,0,0
0.75,0.12723641222830329,0,0
