Missing_Rule,OT_SK_RMSE,OT_linear_RMSE,OT_mlp_RMSE
Q1_Q2_complete,0.30050722840766014,0,0
Q1_Q2_partial,0.10733849404616737,0,0
Q1_Q3_complete,0.16231378864422522,0,0
Q1_Q3_partial,0.1010289132117439,0,0
Q1_Q4_complete,1.8863986181973709,0,0
Q1_Q4_partial,0.1565187004319915,0,0
