Missing_Rule,Imputer RMSE
0.25,0.002453563336152493
0.5,0.0011927671065091116
0.75,0.0008039215290642834
