Missing_Rule,Imputer RMSE
Q2_Q3_complete,0.007789219228120951
Q2_Q3_partial,0.010579757672121094
Q2_Q4_complete,0.04326582259505334
Q2_Q4_partial,0.02823568382065931
Q3_Q4_complete,0.024127514657604054
Q3_Q4_partial,0.014349234125292893
