Missing_Rule,Imputer RMSE
0.25,0.015013348616072557
0.5,0.015940593877078857
0.75,0.015546040846310121
