Missing_Rule,Imputer RMSE
0.25,0.000927342877753873
0.5,0.0004129297353636491
0.75,0.0002687489959272926
