Missing_Rule,Imputer RMSE
0.25,0.04213759899139404
0.5,0.04558627386202757
0.75,0.03604567602342446
