Missing_Rule,Imputer RMSE
Q2_Q3_complete,0.0031965883357432884
Q2_Q3_partial,0.00362685028272184
Q2_Q4_complete,0.07042414432582687
Q2_Q4_partial,0.017284812714889464
Q3_Q4_complete,0.15888531966826686
Q3_Q4_partial,0.014094496860652665
