Missing_Rule,Imputer RMSE
0.25,0.0035644921982709906
0.5,0.00234570844853618
0.75,0.0017286448111015606
