Missing_Rule,Imputer RMSE
Q2_Q3_complete,0.000882638706603375
Q2_Q3_partial,0.0011863109424893592
Q2_Q4_complete,0.02491243378954058
Q2_Q4_partial,0.009188388522758325
Q3_Q4_complete,0.03869706742262435
Q3_Q4_partial,0.004768001466188728
