Missing_Rule,OT_SK_RMSE,OT_linear_RMSE,OT_mlp_RMSE
0.1,0.21550567538640106,0,0
0.2,0.1761302802330165,0,0
0.3,0.1892169462697868,0,0
0.4,0.1574262745865805,0,0
0.5,0.1606910198699591,0,0
0.6,0.1382042223880499,0,0
0.7,0.12508620672502824,0,0
0.8,0.12730286348531356,0,0
0.9,0.10930415702171567,0,0
