Missing_Rule,OT_SK_RMSE,OT_linear_RMSE,OT_mlp_RMSE
0.25,0.1585623477940158,0,0
0.5,0.1572248905178238,0,0
0.75,0.1581102152780813,0,0
