Missing_Rule,OT_SK_RMSE,OT_linear_RMSE,OT_mlp_RMSE
0.1,0.3218037593819666,0,0
0.2,0.27464529432682505,0,0
0.3,0.26149961921760656,0,0
0.4,0.2420556422450106,0,0
0.5,0.2335741964992648,0,0
0.6,0.2176327498311361,0,0
0.7,0.191222234014996,0,0
0.8,0.17852780443129893,0,0
0.9,0.1525193625151968,0,0
