Missing_Rule,OT_SK_RMSE,OT_linear_RMSE,OT_mlp_RMSE
0.1,0.4285640072046786,0,0
0.2,0.4060938160249711,0,0
0.3,0.4105477689846845,0,0
0.4,0.4581589485363762,0,0
0.5,0.5411208788237031,0,0
0.6,0.6461680066049218,0,0
0.7,0.7544328675460883,0,0
0.8,1.1031437206022816,0,0
0.9,0.6546421447139753,0,0
