Missing_Rule,OT_SK_RMSE,OT_linear_RMSE,OT_mlp_RMSE
0.1,0.24826144837513248,0,0
0.2,0.2657205538681177,0,0
0.3,0.28708583848978236,0,0
0.4,0.33313145975473174,0,0
0.5,0.39941220926894766,0,0
0.6,0.4854596370499814,0,0
0.7,0.6257266498123936,0,0
0.8,0.9178394437509944,0,0
0.9,0.48699754214956587,0,0
