Missing_Rule,OT_SK_RMSE,OT_linear_RMSE,OT_mlp_RMSE
0.1,0.05073878080679652,0,0
0.2,0.05438042613129851,0,0
0.3,0.0529122303382575,0,0
0.4,0.054009955795465754,0,0
0.5,0.06542741071517798,0,0
0.6,0.1892381303450297,0,0
0.7,0.2864827144883689,0,0
0.8,0.47657706063204636,0,0
0.9,0.18928331918642227,0,0
