Missing_Rule,OT_SK_RMSE,OT_linear_RMSE,OT_mlp_RMSE
Q1_Q2_complete,0.8272902245454155,0,0
Q1_Q3_complete,0.3867401611152739,0,0
Q1_Q4_complete,1.0354832947861572,0,0
Q2_Q3_complete,0.1726508816656429,0,0
Q2_Q4_complete,0.3413716849211347,0,0
Q3_Q4_complete,0.7573252984540938,0,0
Q1_complete,0.5394613305805167,0,0
Q2_complete,0.13643004193001423,0,0
Q3_complete,0.14818371520177842,0,0
Q4_complete,0.46317860251031334,0,0
