Missing_Rule,OT_SK_RMSE,OT_linear_RMSE,OT_mlp_RMSE
0.1,0.25636292965418,0,0
0.2,0.2450207499092274,0,0
0.3,0.22339555165998176,0,0
0.4,0.1932642306799827,0,0
0.5,0.18963098878069512,0,0
0.6,0.16198772586668966,0,0
0.7,0.1717550166261817,0,0
0.8,0.14669201054693737,0,0
0.9,0.13347616397812784,0,0
