Missing_Rule,OT_SK_RMSE,OT_linear_RMSE,OT_mlp_RMSE
0.1,0.32911501993903,0,0
0.2,0.36020634071677987,0,0
0.3,0.4389131302878651,0,0
0.4,0.5415324535021679,0,0
0.5,0.7090402280152258,0,0
0.6,0.8454154617146197,0,0
0.7,1.2628397034042151,0,0
0.8,1.6211815019020843,0,0
0.9,0.8107409977640607,0,0
