Missing_Rule,OT_SK_RMSE,OT_linear_RMSE,OT_mlp_RMSE
0.1,41663.55772252197,0,0
0.2,0.4544582679757934,0,0
0.3,0.24914122177945933,0,0
0.4,0.3295548731744097,0,0
0.5,0.3374870163010727,0,0
0.6,0.32572226940853644,0,0
0.7,0.28567028712258413,0,0
0.8,0.27510669654661496,0,0
0.9,0.34392953535018744,0,0
