Missing_Rule,OT_SK_RMSE,OT_linear_RMSE,OT_mlp_RMSE
0.1,485084.18495970557,0,0
0.2,485084.1930726132,0,0
0.3,485084.1775273547,0,0
0.4,485084.1296439475,0,0
0.5,459404.8707360317,0,0
0.6,435505.4858768353,0,0
0.7,405626.0537873701,0,0
0.8,375903.13003582245,0,0
0.9,435505.54294576787,0,0
