Missing_Rule,OT_SK_RMSE,OT_linear_RMSE,OT_mlp_RMSE
0.1,0.12062228528723212,0,0
0.2,0.1365914229671202,0,0
0.3,0.14735744816381952,0,0
0.4,0.16136916207324603,0,0
0.5,0.18499768692601218,0,0
0.6,0.21822470679360517,0,0
0.7,0.2731295257287564,0,0
0.8,0.3659426880654688,0,0
0.9,0.21846133027688763,0,0
