Missing_Rule,OT_SK_RMSE,OT_linear_RMSE,OT_mlp_RMSE
0.1,18106.248327636273,0,0
0.2,19961.37243621638,0,0
0.3,0.1839385387341972,0,0
0.4,0.1574619255926184,0,0
0.5,0.1579354502894078,0,0
0.6,0.16242582204509542,0,0
0.7,0.15192154593746,0,0
0.8,0.16978380491568773,0,0
0.9,0.17105215987171743,0,0
