Missing_Rule,OT_SK_RMSE,OT_linear_RMSE,OT_mlp_RMSE
0.1,0.12983456578036004,0,0
0.2,0.14545415537988438,0,0
0.3,0.1608800691461738,0,0
0.4,0.18958444145557599,0,0
0.5,0.23167170125262596,0,0
0.6,0.2814201922210051,0,0
0.7,0.354296604661116,0,0
0.8,0.4552427317192652,0,0
0.9,0.2820217243462992,0,0
