Missing_Rule,OT_SK_RMSE,OT_linear_RMSE,OT_mlp_RMSE
Q1_Q2_complete,0.5177598559589865,0,0
Q1_Q3_complete,0.2450330491335098,0,0
Q1_Q4_complete,4.092095308528754,0,0
Q2_Q3_complete,0.1639636473135553,0,0
Q2_Q4_complete,0.79220835822266,0,0
Q3_Q4_complete,1.3326979030746184,0,0
Q1_complete,0.3021974699561242,0,0
Q2_complete,0.13498225310375647,0,0
Q3_complete,0.13061823366757372,0,0
Q4_complete,1.1434703990318031,0,0
