Missing_Rule,OT_SK_RMSE,OT_linear_RMSE,OT_mlp_RMSE
Q1_Q2_complete,0.7294170185941115,0,0
Q1_Q3_complete,0.33530054258441133,0,0
Q1_Q4_complete,0.999604966849173,0,0
Q2_Q3_complete,0.14262578711788532,0,0
Q2_Q4_complete,0.5827208125527312,0,0
Q3_Q4_complete,1.2899374033599014,0,0
Q1_complete,0.44328737534243096,0,0
Q2_complete,0.11260150574455573,0,0
Q3_complete,0.13081801043490188,0,0
Q4_complete,0.869156367997224,0,0
