Missing_Rule,OT_SK_RMSE,OT_linear_RMSE,OT_mlp_RMSE
0.1,0.3672256690936758,0,0
0.2,0.3392090465607325,0,0
0.3,0.3398254562451259,0,0
0.4,0.327055616036935,0,0
0.5,0.3297765600874964,0,0
0.6,0.32371290882179166,0,0
0.7,0.32071300324354435,0,0
0.8,0.323046221333975,0,0
0.9,0.30448973606306673,0,0
