Missing_Rule,OT_SK_RMSE,OT_linear_RMSE,OT_mlp_RMSE
0.1,0.20576109309662802,0,0
0.2,0.1970141183331146,0,0
0.3,0.16301866828284078,0,0
0.4,0.13469882638223818,0,0
0.5,0.13705838082144448,0,0
0.6,0.13266968862918346,0,0
0.7,0.11538706148286434,0,0
0.8,0.12736404749572244,0,0
0.9,0.1094516965662872,0,0
