Missing_Rule,OT_SK_RMSE,OT_linear_RMSE,OT_mlp_RMSE
0.1,353252.1087576502,0,0
0.2,353252.1097119824,0,0
0.3,313985.36568836204,0,0
0.4,275797.7185367396,0,0
0.5,255055.45803679744,0,0
0.6,228169.0670527712,0,0
0.7,211082.8302174355,0,0
0.8,201226.20292357184,0,0
0.9,228169.06629903233,0,0
