Missing_Rule,MIWAE_RMSE,MIWAE_STD
0.1,0.19092442296541032,0.001009928081325459
0.2,0.1472762096570553,0.0008951352031777535
0.3,0.16062882432244402,0.00047059692381542676
0.4,0.13365545499310588,0.00036060315443678707
0.5,0.1240880423930442,0.0012897767583907912
0.6,0.1131244261129325,0.0013387944254487718
0.7,0.10507898478248263,0.0011827054227345059
0.8,0.09578958831761303,0.0009802702316313282
0.9,0.08777953074496465,0.002298463354905906
