Missing_Rule,MIWAE_RMSE,MIWAE_STD
Q1_Q2_complete,0.5636153272612262,0.00790813613662984
Q1_Q2_partial,0.11556613523337367,0.004930649808165979
Q1_Q3_complete,0.7306221827612186,0.007532633454258737
Q1_Q3_partial,0.1272844074933141,0.008481754699151547
Q1_Q4_complete,2.6824014013632955,0.005974804545217032
Q1_Q4_partial,0.21041655130427897,0.003870370239369875
