Missing_Rule,MIWAE_RMSE,MIWAE_STD
0.1,0.18327552098528965,0.0005283187746649352
0.2,0.17440824383316472,0.00013467712880814537
0.3,0.13744220356957118,0.0003282355133759716
0.4,0.1144033695618695,0.00021398060820817182
0.5,0.11638798841397971,0.0003532605683027029
0.6,0.10946861968454517,0.0001299866525043237
0.7,0.0938954708757434,0.0006507371714847436
0.8,0.09875899599331635,0.00044371314540944234
0.9,0.08455544535192464,0.0007674198460129987
