Missing_Rule,MIWAE_RMSE,MIWAE_STD
0.1,0.45751834583026413,0.02431521599168077
0.2,0.40777732925323995,0.015725027408822232
0.3,0.43471385040908955,0.015492221650382072
0.4,0.45730540672003694,0.009345415328827433
0.5,0.5069867674612999,0.01048728889021575
0.6,0.6791417631480708,0.00425225213717942
0.7,0.7787833444018684,0.015403412622751507
0.8,1.0721314002558537,0.007018530412736559
0.9,0.6765443271880883,0.014439599388787213
