Missing_Rule,MIWAE_RMSE,MIWAE_STD
0.1,0.09634325793198553,0.00352756855850207
0.2,0.11300701257902024,0.0012302226339872071
0.3,0.13324653142633805,0.002399182811280525
0.4,0.16373585848169508,0.0036729750698970653
0.5,0.2069957833694791,0.0007403098691960631
0.6,0.27081977837261395,0.0022177000896884866
0.7,0.34841655510153136,0.003234841044016176
0.8,0.43631309023930687,0.0022042288559161252
0.9,0.27243190969248343,0.0024913424945313106
