Missing_Rule,MIWAE_RMSE,MIWAE_STD
0.1,0.2809907843494676,0.011476314511058927
0.2,0.34561115429196765,0.0039564504319167275
0.3,0.4667404945004071,0.02660747815563581
0.4,0.6208996056106375,0.01918843874777991
0.5,0.785798050533392,0.008146765161163734
0.6,0.8901277732565113,0.010876541964177686
0.7,1.2306101908392066,0.001871713223621059
0.8,1.5876456302287956,0.003144153308559278
0.9,0.8801396575692719,0.008911147993805546
