Missing_Rule,MIWAE_RMSE,MIWAE_STD
0.25,0.25307647140489276,0.017176569537846218
0.5,0.20657343605880324,0.00204029798785722
0.75,0.1594947560961339,0.002791374036069994
