Missing_Rule,MIWAE_RMSE,MIWAE_STD
0.1,0.2402628664951767,0.002747252803970817
0.2,0.19990876213997555,0.0009723396157371595
0.3,0.20513508542022066,0.0032391813867478306
0.4,0.17007302096791882,0.0010077600857008294
0.5,0.16971965554151885,0.001181402387589952
0.6,0.1365950355000157,0.0014894299617368263
0.7,0.14371109440260157,0.0016519262225226734
0.8,0.11463797140660456,0.003814962367134744
0.9,0.10560167958789693,0.004257401221879489
