Missing_Rule,MIWAE_RMSE,MIWAE_STD
Q2_Q3_complete,0.08452995799905631,0.0039553737604373085
Q2_Q3_partial,0.05678142002469635,0.0007886752168254548
Q2_Q4_complete,0.4952874437376023,0.0022905882539229917
Q2_Q4_partial,0.10933973506931942,0.0006980322326841
Q3_Q4_complete,0.982789886145237,0.001231090506116057
Q3_Q4_partial,0.10879738863579871,0.00041010941042138717
