Missing_Rule,MIWAE_RMSE,MIWAE_STD
Q2_Q3_complete,0.10315138338666148,0.0024615622926619503
Q2_Q3_partial,0.07046074093504151,0.001364440490883604
Q2_Q4_complete,0.6515773906925795,0.001968194719747849
Q2_Q4_partial,0.10530054707645924,0.0006793386657837612
Q3_Q4_complete,1.1982184976897465,0.0013414063652642388
Q3_Q4_partial,0.13199968643461552,0.001583040036765554
