Missing_Rule,MIWAE_RMSE,MIWAE_STD
0.1,0.29849733146695867,0.005084593221020486
0.2,0.23949480023090947,0.011322571096363141
0.3,0.2516003663844681,0.037273989844527365
0.4,0.21669550056846615,0.007461613738808969
0.5,0.19695869527975346,0.0032133014959047695
0.6,0.18218499966493212,0.004570376034633626
0.7,0.1734123699671342,0.0033922304023604566
0.8,0.1500244691170863,0.0044868393528916944
0.9,0.11564816856539255,0.010934523514769822
