Missing_Rule,MIWAE_RMSE,MIWAE_STD
0.1,2.8116285119442357,0.0579610643953652
0.2,3.3405327304686536,0.03153958497692356
0.3,3.17085416794597,0.012725138837326863
0.4,2.5940583536481276,0.06127324070586258
0.5,3.2942032492045756,0.14719559322828835
0.6,3.325490509283185,0.04271471494605654
0.7,2.0693113364398457,0.08458977538938983
0.8,4.262926811119123,0.07555060505654444
0.9,2.3073599920575054,0.048027657291456326
