Missing_Rule,MIWAE_RMSE,MIWAE_STD
0.1,0.20798538501818625,0.14749090686967362
0.2,1.3763954879470133,0.0846321260967198
0.3,1.1328831724339388,0.0353387556997913
0.4,1.070561398828065,0.11837440418694939
0.5,0.9111671750008329,0.021819863964289907
0.6,0.9769846172731181,0.11432268773999475
0.7,0.9222697449139735,0.06588112877522628
0.8,5.353826397292715,0.045458961234862226
0.9,0.949312110147642,0.13087982942138704
