Missing_Rule,MIWAE_RMSE,MIWAE_STD
0.1,0.41218662918804094,0.036942096001170655
0.2,0.30070037274790085,0.004807932056586996
0.3,0.2497863697074328,0.004464576686114981
0.4,0.22096605288867882,0.003545676328291037
0.5,0.21850418229841942,0.006225047242684768
0.6,0.18609773312908762,0.005370082870724249
0.7,0.1853741587755972,0.004680136308311753
0.8,0.18515735954606882,0.0033146568643827538
0.9,0.17947509725287494,0.003225107101657469
