Missing_Rule,MIWAE_RMSE,MIWAE_STD
0.1,2.7943316336630404,0.014536598914525566
0.2,3.319215574793867,0.021252254069601524
0.3,3.1698262891658375,0.05338673252917468
0.4,2.6716567987730246,0.11965508883846762
0.5,3.237895088044027,0.04555250779670788
0.6,3.2284958377527118,0.0281102759692451
0.7,2.0073656550608856,0.02927414802202139
0.8,4.249061739438277,0.07892794128321379
0.9,2.3068325721446343,0.06894483804240799
