Missing_Rule,MIWAE_RMSE,MIWAE_STD
Q1_complete,0.5274294078972519,0.005721702202379215
Q1_partial,0.09621961234506901,0.013778922223105458
Q2_complete,0.3519407774192843,0.00882266331654039
Q2_partial,0.06415945809085469,0.004442286302979393
Q3_complete,0.7549508408919572,0.023143215200536988
Q3_partial,0.09180817116915367,0.00741592453519757
Q4_complete,2.225469876798577,0.02288031447153422
Q4_partial,0.28690388140203654,0.014152394723117185
