Missing_Rule,MIWAE_RMSE,MIWAE_STD
0.1,0.09370500159991944,0.0015873633663484865
0.2,0.11131093522720767,0.0018449355661938984
0.3,0.12563237349405712,0.0010250833217667274
0.4,0.14363378930543597,0.0010035883369805666
0.5,0.17136405381792064,0.0011342502649573612
0.6,0.21156720280751004,0.0015502099580481286
0.7,0.27002294137538063,0.0011461411844773505
0.8,0.34864789969611965,0.00037101141198682354
0.9,0.21230547631426902,0.0018615932805268265
