Missing_Rule,MIWAE_RMSE,MIWAE_STD
0.1,,
0.2,,
0.3,,
0.4,,
0.5,,
0.6,,
0.7,0.23322913717159838,0.004257106945474672
0.8,,
0.9,,
