Missing_Rule,MIWAE_RMSE,MIWAE_STD
0.1,1.5707712672470742,0.05046446555026011
0.2,1.6883453409013955,0.13774359983650836
0.3,1.3493460994570583,0.20929509807969515
0.4,2.137769642549069,0.305752582064414
0.5,1.9656169094210647,0.19341027827959578
0.6,5.580473367528112,0.7161082985029522
0.7,4.624575801595212,0.17371892875794936
0.8,5.0497370107665365,0.16505797885665213
0.9,5.401199763850429,0.4530745241645146
