Missing_Rule,MIWAE_RMSE,MIWAE_STD
0.1,0.17032596521151647,0.006441705123180639
0.2,0.19203411222547562,0.0033451244110961876
0.3,0.2177359646875899,0.0018073583404794736
0.4,0.25064408080397627,0.008738395877177233
0.5,0.2979967257503069,0.002706816010285101
0.6,0.37415413071847803,0.0033770418168062814
0.7,0.5147654014199518,0.007376311715742315
0.8,0.8208983243732282,0.005471273481852331
0.9,0.36965517102957074,0.005378373002950462
