Missing_Rule,MIWAE_RMSE,MIWAE_STD
0.25,0.13203481547895254,0.0008267576103890505
0.5,0.1018810822529039,0.00018989239267754252
0.75,0.08893200827909845,0.0005087184029074588
