Missing_Rule,MIWAE_RMSE,MIWAE_STD
Q1_complete,0.178760470166968,0.003065829773772866
Q1_partial,0.07336724515380774,0.003058499810518488
Q2_complete,0.07992505498079566,0.0020661912280886497
Q2_partial,0.06282126252585007,0.001485723334242617
Q3_complete,0.0857606654558932,0.001247311843100228
Q3_partial,0.06811788484267359,0.0011302745141715236
Q4_complete,0.9325037302523114,0.0034725057362196663
Q4_partial,0.14168670097641162,0.0029577861774738143
