Missing_Rule,MIWAE_RMSE,MIWAE_STD
0.25,0.5706846116966624,0.0
0.5,0.5353880492163716,0.0
0.75,0.5750188376133156,0.0
