Missing_Rule,MIWAE_RMSE,MIWAE_STD
0.1,0.027426534695267995,0.0010891831742267293
0.2,0.04059213246424378,0.0019017013257501794
0.3,0.03821910285883248,0.0008635910009573448
0.4,0.040944178485343055,0.0011128556724088498
0.5,0.04893559520793509,0.0013609039164013687
0.6,,
0.7,,
0.8,,
0.9,,
