Missing_Rule,MIWAE_RMSE,MIWAE_STD
0.1,0.6551109856307933,0.014184547538654496
0.2,0.7897790771534108,0.02768772277495891
0.3,0.7116682172661983,0.005624118410529166
0.4,0.6773474293540691,0.007612485211225918
0.5,0.5199326994662022,0.005117634369157382
0.6,0.5748591645712625,0.004436340292369902
0.7,0.761208180059727,0.0100960132758209
0.8,0.6571947002794657,0.00505567775900732
0.9,0.7040991476136085,0.020661215874722118
