,Rule,MF,MICE,Mean
0,0.25,0.4405137892697892,0.549044639698237,0.804146645427203
1,0.75,0.5685864150043959,0.6263114930523618,0.7325297785946191
2,0.5,0.5593321550168213,0.5904556189830594,0.750727011665004
