,Rule,MF,MICE,Mean
0,0.25,0.4301424834671673,0.19410798081550656,0.44971873283413705
1,0.75,0.46581215265751685,0.4123332071409183,0.43212573803576104
2,0.5,0.39688795799285576,0.3673378817390303,0.4034898521177799
