Missing_Rule,Mean,Mice,Missforest,KNN
0.25,0.43150270420882264,0.401873116130751,0.40329853230572404,0.4648679089447599
0.5,0.36936822698576166,0.4119836169968119,0.36877797819238567,0.3954301966803576
0.75,0.2734355768946797,0.3529412395154605,0.34464446659480674,0.25336528126741537
