Missing_Rule,Mean,Mice,Missforest,KNN
0.25,0.15354315966112275,0.14820069790568052,0.10414086171359015,0.1190716498402103
0.5,0.14056792539125404,0.15723680430217374,0.1304996570407878,0.11541495044685893
0.75,0.13030045179665234,0.17752740712342555,0.14771067189557932,0.1245674279763448
