Missing_Rule,Mean,Mice,Missforest,KNN
0.25,0.20089742340813266,0.22967590714282263,0.10420871215594323,0.1785311199402041
0.5,0.20666312533025818,0.25778020256431017,0.17200309452533094,0.2111823525229848
0.75,0.2108206414421267,0.2854043166938155,0.20252377989603745,0.20753594076921295
