Missing_Rule,Mean,Mice,Missforest,KNN
0.25,0.3373510372156672,0.23110138086952886,0.12730560575971966,0.13698704693522817
0.5,0.3171641918865864,0.2594903964893014,0.1701278006192999,0.16518893199657333
0.75,0.32248694505063574,0.2743696399661344,0.17327242531902198,0.16263500818175236
