,Rule,MF,MICE,Mean
0,0.25,0.06706199565632924,0.06902763704606295,0.09559975668865431
1,0.75,0.126950144572607,0.1355204112336973,0.126384580740819
2,0.5,0.09881627777665028,0.09347049919431008,0.10696706472437831
