Missing_Rule,NotMIWAE_RMSE,NotMIWAE_STD
Q1_complete,0.16863621646306834,0.001718775814107683
Q1_partial,0.08789992380909142,0.0014194289427329585
Q2_complete,0.06346031879047569,0.001027997282617278
Q2_partial,0.05197647194935118,0.0006728982378612043
Q3_complete,0.06429602375310764,0.0006712909647886187
Q3_partial,0.04984414159559797,0.0007030456423442674
Q4_complete,0.5007542453509044,0.008028017389858262
Q4_partial,0.11271129170082143,0.0005583542096338533
