Missing_Rule,NotMIWAE_RMSE,NotMIWAE_STD
Q2_Q3_complete,0.10480940535199779,0.000407265407539037
Q2_Q3_partial,0.0707536346668763,0.0008301602348979416
Q2_Q4_complete,0.6021983691873645,0.002254466073093835
Q2_Q4_partial,0.09946681197434044,0.00086239963441175
Q3_Q4_complete,0.8739958840148635,0.03305340342264758
Q3_Q4_partial,0.12026909738219753,0.00383316419267711
