Missing_Rule,NotMIWAE_RMSE,NotMIWAE_STD
Q1_Q2_complete,0.2937344442173603,0.0028556593973590462
Q1_Q2_partial,0.08297176209603979,0.0016130056500937768
Q1_Q3_complete,0.1583292698656984,0.0020354644252317863
Q1_Q3_partial,0.08015547299533063,0.0015460322105076236
Q1_Q4_complete,1.873785462420687,0.0015072390863159057
Q1_Q4_partial,0.1279399627280256,0.001192375100190097
