Missing_Rule,NotMIWAE_RMSE,NotMIWAE_STD
0.25,1.1466299089653675,0.09279452195225894
0.5,1.0698893832640315,0.09645462077252473
0.75,1.1137443190427685,0.0549453814784901
