Missing_Rule,NotMIWAE_RMSE,NotMIWAE_STD
Q1_Q2_complete,0.6652068857419305,0.016292740792503955
Q1_Q2_partial,0.11428927139375637,0.0068108697720998335
Q1_Q3_complete,0.8538128752597516,0.0476579687700946
Q1_Q3_partial,0.13100350588017762,0.004309582658893862
Q1_Q4_complete,2.666765562973535,0.013983181984723312
Q1_Q4_partial,0.21158861861144493,0.0032175178203260367
