Missing_Rule,NotMIWAE_RMSE,NotMIWAE_STD
Q1_complete,0.9532769823072265,0.11049835485289218
Q1_partial,0.1057192726267844,0.009177990228207806
Q2_complete,0.3545873499022972,0.007651556469520127
Q2_partial,0.06369017649452097,0.004407317739912274
Q3_complete,1.2921153124134945,0.41323915491082314
Q3_partial,0.08749948839356622,0.016290825917860696
Q4_complete,2.176863577550001,0.02896385571926509
Q4_partial,0.23301468359734284,0.03484296396566562
