Missing_Rule,NotMIWAE_RMSE,NotMIWAE_STD
0.25,0.08541891435601501,0.004033577395388201
0.5,0.10419497320765891,0.006744899801512462
0.75,0.5264975110101484,0.21506257278322283
