Missing_Rule,NotMIWAE_RMSE,NotMIWAE_STD
0.25,0.07865217565784524,0.0021532455486670556
0.5,0.08455529302939056,0.002812098836425891
0.75,0.11048128078067962,0.007258629798476124
