Missing_Rule,NotMIWAE_RMSE,NotMIWAE_STD
0.25,0.25905986968058203,0.025763007298011342
0.5,0.13806647547318188,0.01043315003811171
0.75,0.08884090312892624,0.0006341016144908935
