,Rule,MF,MICE,Mean
0,0.25,0.455484847514035,0.40002647783483947,0.433655617989291
1,0.75,0.2651563441198214,0.31816861850959444,0.4222909019520332
2,0.5,0.41876436291425306,0.39706354718946796,0.4152599105709873
