,Rule,MF,MICE,Mean
0,0.25,0.052238754223715905,0.05088368037758996,0.07255940787807294
1,0.75,0.08767578956951284,0.08093529858307442,0.10047039249287051
2,0.5,0.06743572598984095,0.060028524077485795,0.08204602526865465
