Missing_Rule,MIWAE_RMSE,MIWAE_STD
0.25,0.35729898768554175,0.03114920539049051
0.5,0.3263383445412156,0.020612369844592266
0.75,0.23318399185012234,0.006346164007116233
