Missing_Rule,MIWAE_RMSE,MIWAE_STD
Q1_Q2_complete,0.2902547669749679,0.0014758526288971654
Q1_Q2_partial,0.08147964813518146,0.0011132929436074366
Q1_Q3_complete,0.15861029196473705,0.0013568277927852286
Q1_Q3_partial,0.07932056901329487,0.0025688528217063657
Q1_Q4_complete,1.8775612096702314,0.0020567198173511046
Q1_Q4_partial,0.13035319126507683,0.0015032803138424642
