Missing_Rule,MIWAE_RMSE,MIWAE_STD
0.25,0.07660010246846714,0.0011156321037298941
0.5,0.08536914768847574,0.00232431217341944
0.75,0.10493526335323708,0.001128221135639848
