Missing_Rule,MIWAE_RMSE,MIWAE_STD
0.25,0.08117315751755605,0.002852421936485924
0.5,0.10026170682288553,0.0027278205773972894
0.75,0.11538787592477154,0.0034437527199093327
