Missing_Rule,MIWAE_RMSE,MIWAE_STD
0.25,0.1525238429956274,0.000317162019476001
0.5,0.1106934779995458,0.0010421729204428277
0.75,0.103432974880729,0.0021752300742739583
