Missing_Rule,MIWAE_RMSE,MIWAE_STD
Q2_Q3_complete,0.6986400681352205,0.01629170126917763
Q2_Q3_partial,0.10868511400596215,0.00699695882096692
Q2_Q4_complete,18.86940628127468,0.007477601106211266
Q2_Q4_partial,0.17609125544605123,0.004076586354339988
Q3_Q4_complete,,
Q3_Q4_partial,,
