Missing_Rule,MIWAE_RMSE,MIWAE_STD
Q1_Q2_complete,0.26843022368376446,0.0025311625475881554
Q1_Q2_partial,0.0844132107777205,0.001121152074429493
Q1_Q3_complete,0.1415197419064158,0.0016855615904671796
Q1_Q3_partial,0.07655905153468519,0.0006787987838199679
Q1_Q4_complete,1.4038306684618325,0.0013523090449690516
Q1_Q4_partial,0.1246066527499731,0.0006897208555032645
