Missing_Rule,MIWAE_RMSE,MIWAE_STD
0.25,0.5894252188373992,0.0
0.5,0.5112977027247969,0.0
0.75,0.5409074668281753,0.0
