Missing_Rule,MIWAE_RMSE,MIWAE_STD
Q1_complete,0.16612037889991266,0.001041854555183732
Q1_partial,0.0879974710235939,0.0006284069906154199
Q2_complete,0.06237765420906312,0.0012346503624197436
Q2_partial,0.053307858080080296,0.001146175086824184
Q3_complete,0.06246872284050755,0.0013300077553247643
Q3_partial,0.05017164814905016,0.0007470894825766652
Q4_complete,0.6850389005110082,0.003989467482249905
Q4_partial,0.13895392937064183,0.0003377247229037624
