Missing_Rule,Imputer RMSE
0.1,0.01571982121702897
0.2,0.012506485656953194
0.3,0.01708004986739624
0.4,0.014972506228392643
0.5,0.019001996980064963
0.6,0.018377632154545315
0.7,0.017923840478722718
0.8,0.020684646827548576
0.9,0.020673896119894227
