Missing_Rule,Imputer RMSE
0.1,0.004664509691103221
0.2,0.003704558674928168
0.3,0.004748494211127179
0.4,0.005885883914902555
0.5,0.011813479366031944
0.6,0.02137565396048806
0.7,0.046929017899778595
0.8,0.07530607860265022
0.9,0.021223209256475622
