Missing_Rule,Imputer RMSE
0.1,0.0022822813570611794
0.2,0.0017294778761077576
0.3,0.0011247875651127191
0.4,0.0012244754015131199
0.5,0.0014809561429780767
0.6,0.0022248588905221804
0.7,0.0031260746245337003
0.8,0.004993462601173736
0.9,0.002187216414968921
