Missing_Rule,Imputer RMSE
0.25,0.008017960262475081
0.5,0.006431821532832863
0.75,0.007327870898761735
