Missing_Rule,Imputer RMSE
0.1,0.6330582945979963
0.2,14.588064504534254
0.3,44.64617805216834
0.4,0.7705682776186844
0.5,43.69451277564816
0.6,2.197744570685395
0.7,1.3863296710244217
0.8,228.82672316648433
0.9,9.413253766741072
