Missing_Rule,Imputer RMSE
0.1,inf
0.2,inf
0.3,0.00951773338835605
0.4,0.007789446031435942
0.5,0.005328788499037424
0.6,0.005726675391945067
0.7,0.004825865560107761
0.8,0.0057016524592502
0.9,0.007773797888977166
