Missing_Rule,Imputer RMSE
0.1,0.009301808550338115
0.2,0.010301998353951724
0.3,0.008994945827342735
0.4,0.006842120623810004
0.5,0.00899043466675081
0.6,0.008512377684181541
0.7,0.00815020170730252
0.8,0.009651795886664311
0.9,0.00859255296468078
