Missing_Rule,Imputer RMSE
0.1,0.011288608376817904
0.2,0.011411630258082086
0.3,0.010013195400451336
0.4,0.012632756346115494
0.5,0.012562551945080597
0.6,0.010640453882477764
0.7,0.012620104169382633
0.8,0.01069995038998053
0.9,0.017065751003919785
