Missing_Rule,Imputer RMSE
0.1,1.5566423856223042
0.2,66.6865103452102
0.3,0.8836014367039748
0.4,0.12875028274701958
0.5,0.17326732820803575
0.6,0.09029129177916284
0.7,0.05872640664030072
0.8,0.15310346752594187
0.9,0.0973829433964748
