Missing_Rule,Imputer RMSE
0.25,0.012342910534547022
0.5,0.005275470987559633
0.75,0.0033409305562262185
