Missing_Rule,Imputer RMSE
0.1,0.006679646298289299
0.2,0.0037710985545154727
0.3,0.002574357832549472
0.4,0.0035119911014973937
0.5,0.003646794769170077
0.6,0.00518472389436104
0.7,0.006890794519714668
0.8,0.007884782087337505
0.9,0.005325082255081392
