Missing_Rule,Imputer RMSE
Q1_complete,0.005033901918104157
Q1_partial,0.003916761428117752
Q2_complete,0.0018867157173879218
Q2_partial,0.0029594511037967243
Q3_complete,0.0020657717089378395
Q3_partial,0.0034087988232502347
Q4_complete,0.06855406010542424
Q4_partial,0.01286531964013743
