Missing_Rule,Imputer RMSE
Q2_Q3_complete,0.012318103805680098
Q2_Q3_partial,0.010797274456988172
Q2_Q4_complete,1.0165821583383952
Q2_Q4_partial,0.038641121448059916
Q3_Q4_complete,17.72649539923816
Q3_Q4_partial,0.024739869226064932
