Missing_Rule,Imputer RMSE
0.1,0.044185336366905456
0.2,0.04145983845836602
0.3,0.031518756326148124
0.4,0.03548140491156811
0.5,0.034499916867072634
0.6,0.04161037653907354
0.7,0.04323175877940898
0.8,0.05101838915009513
0.9,0.044559105722741646
