Missing_Rule,Imputer RMSE
0.1,0.02330927304380263
0.2,0.022207262230591034
0.3,0.021445178817356785
0.4,0.029806107784924884
0.5,0.07022980128778324
0.6,0.06400149647152767
0.7,0.1443429716448551
0.8,0.0812316074200658
0.9,0.049094005284575644
