Missing_Rule,Imputer RMSE
0.1,0.04954853785564622
0.2,0.04234358129566813
0.3,0.02882521010392549
0.4,0.039461320161111986
0.5,0.028912306454954247
0.6,0.026688109298595216
0.7,0.038058977358971686
0.8,0.036275040914570046
0.9,0.06357587093398684
