Missing_Rule,Imputer RMSE
0.25,0.042947776269287544
0.5,0.03864589639612146
0.75,0.029192382903923664
